Date,Average AQI
2022-08-05,84.21
2022-08-06,85.67
2022-08-07,148.04
2022-08-08,177.25
2022-08-09,153.38
2022-08-10,162.08
2022-08-11,206.12
2022-08-12,141.0
2022-08-13,100.75
2022-08-14,105.5
2022-08-15,81.88
2022-08-16,80.46
2022-08-17,81.75
2022-08-18,70.46
2022-08-19,76.46
2022-08-20,74.88
2022-08-21,76.96
2022-08-22,77.67
2022-08-23,78.79
2022-08-24,79.33
2022-08-25,82.67
2022-08-26,84.62
2022-08-27,81.46
2022-08-28,75.5
2022-08-29,71.54
2022-08-30,77.29
2022-08-31,74.88
2022-09-01,67.21
2022-09-02,66.12
2022-09-03,67.62
2022-09-04,77.75
2022-09-05,82.17
2022-09-06,75.33
2022-09-07,77.33
2022-09-08,110.71
2022-09-09,141.33
2022-09-10,192.96
2022-09-11,177.88
2022-09-12,162.83
2022-09-13,168.46
2022-09-14,99.58
2022-09-15,73.54
2022-09-16,75.29
2022-09-17,82.0
2022-09-18,89.0
2022-09-19,85.71
2022-09-20,74.92
2022-09-21,67.67
2022-09-22,66.17
2022-09-23,66.0
2022-09-24,67.96
2022-09-25,72.12
2022-09-26,76.08
2022-09-27,73.96
2022-09-28,66.62
2022-09-29,63.92
2022-09-30,61.83
2022-10-01,59.67
2022-10-02,56.21
2022-10-03,57.79
2022-10-04,59.21
2022-10-05,61.12
2022-10-06,67.17
2022-10-07,95.75
2022-10-08,138.83
2022-10-09,189.71
2022-10-10,187.83
2022-10-11,157.29
2022-10-12,141.62
2022-10-13,95.25
2022-10-14,95.83
2022-10-15,118.58
2022-10-16,144.88
2022-10-17,157.42
2022-10-18,106.88
2022-10-19,77.54
2022-10-20,76.58
2022-10-21,124.75
2022-10-22,174.04
2022-10-23,206.08
2022-10-24,156.96
2022-10-25,75.58
2022-10-26,83.12
2022-10-27,87.58
2022-10-28,89.96
2022-10-29,95.92
2022-10-30,96.29
2022-10-31,94.25
2022-11-01,79.71
2022-11-02,85.38
2022-11-03,91.0
2022-11-04,85.58
2022-11-05,91.96
2022-11-06,106.38
2022-11-07,106.12
2022-11-08,112.04
2022-11-09,162.0
2022-11-10,127.29
2022-11-11,142.25
2022-11-12,180.71
2022-11-13,125.25
2022-11-14,79.96
2022-11-15,114.62
2022-11-16,155.33
2022-11-17,164.75
2022-11-18,145.04
2022-11-19,94.71
2022-11-20,93.71
2022-11-21,152.33
2022-11-22,165.04
2022-11-23,158.12
2022-11-24,161.33
2022-11-25,124.21
2022-11-26,127.88
2022-11-27,135.42
2022-11-28,142.12
2022-11-29,154.0
2022-11-30,154.33
2022-12-01,159.67
2022-12-02,163.33
2022-12-03,112.25
2022-12-04,158.58
2022-12-05,170.88
2022-12-06,175.79
2022-12-07,176.92
2022-12-08,173.17
2022-12-09,129.58
2022-12-10,149.54
2022-12-11,158.08
2022-12-12,145.62
2022-12-13,145.0
2022-12-14,49.46
2022-12-15,15.5
2022-12-16,73.12
2022-12-17,139.21
2022-12-18,156.54
2022-12-19,162.75
2022-12-20,152.96
2022-12-21,135.96
2022-12-22,124.46
2022-12-23,138.83
2022-12-24,122.5
2022-12-25,135.21
2022-12-26,160.0
2022-12-27,162.0
2022-12-28,168.5
2022-12-29,162.96
2022-12-30,97.33
2022-12-31,114.12
2023-01-01,129.58
2023-01-02,119.42
2023-01-03,154.29
2023-01-04,117.21
2023-01-05,119.96
2023-01-06,121.75
2023-01-07,132.08
2023-01-08,145.79
2023-01-09,180.21
2023-01-10,180.42
2023-01-11,158.54
2023-01-12,80.29
2023-01-13,82.29
2023-01-14,99.12
2023-01-15,93.83
2023-01-16,135.75
2023-01-17,158.17
2023-01-18,174.83
2023-01-19,177.58
2023-01-20,145.58
2023-01-21,147.88
2023-01-22,132.58
2023-01-23,118.04
2023-01-24,118.54
2023-01-25,113.33
2023-01-26,114.29
2023-01-27,92.17
2023-01-28,104.75
2023-01-29,133.21
2023-01-30,102.04
2023-01-31,157.67
2023-02-01,145.96
2023-02-02,157.0
2023-02-03,182.62
2023-02-04,175.5
2023-02-05,141.12
2023-02-06,126.33
2023-02-07,199.92
2023-02-08,166.25
2023-02-09,111.96
2023-02-10,87.62
2023-02-11,109.25
2023-02-12,154.12
2023-02-13,131.83
2023-02-14,160.08
2023-02-15,155.92
2023-02-16,142.21
2023-02-17,143.38
2023-02-18,186.12
2023-02-19,163.67
2023-02-20,106.12
2023-02-21,121.29
2023-02-22,110.38
2023-02-23,77.92
2023-02-24,96.71
2023-02-25,91.17
2023-02-26,86.12
2023-02-27,118.79
2023-02-28,119.0
2023-03-01,129.5
2023-03-02,165.5
2023-03-03,171.38
2023-03-04,176.38
2023-03-05,190.38
2023-03-06,203.29
2023-03-07,186.42
2023-03-08,193.12
2023-03-09,215.08
2023-03-10,219.33
2023-03-11,164.08
2023-03-12,156.42
2023-03-13,158.29
2023-03-14,114.88
2023-03-15,89.12
2023-03-16,79.33
2023-03-17,83.04
2023-03-18,135.79
2023-03-19,161.46
2023-03-20,104.0
2023-03-21,73.67
2023-03-22,68.0
2023-03-23,68.75
2023-03-24,73.0
2023-03-25,74.92
2023-03-26,96.12
2023-03-27,101.83
2023-03-28,90.08
2023-03-29,75.79
2023-03-30,80.54
2023-03-31,80.71
2023-04-01,74.92
2023-04-02,69.42
2023-04-03,71.67
2023-04-04,84.58
2023-04-05,80.5
2023-04-06,76.71
2023-04-07,98.88
2023-04-08,129.75
2023-04-09,94.04
2023-04-10,82.58
2023-04-11,85.04
2023-04-12,124.62
2023-04-13,101.46
2023-04-14,77.42
2023-04-15,80.67
2023-04-16,85.21
2023-04-17,82.88
2023-04-18,79.58
2023-04-19,93.5
2023-04-20,100.46
2023-04-21,77.88
2023-04-22,81.88
2023-04-23,81.25
2023-04-24,82.71
2023-04-25,87.5
2023-04-26,83.67
2023-04-27,70.42
2023-04-28,63.08
2023-04-29,71.71
2023-04-30,72.29
2023-05-01,75.75
2023-05-02,72.12
2023-05-03,64.54
2023-05-04,66.42
2023-05-05,71.04
2023-05-06,71.42
2023-05-07,73.04
2023-05-08,72.38
2023-05-09,83.21
2023-05-10,94.62
2023-05-11,90.46
2023-05-12,74.58
2023-05-13,67.12
2023-05-14,65.21
2023-05-15,61.71
2023-05-16,64.62
2023-05-17,67.33
2023-05-18,62.54
2023-05-19,62.83
2023-05-20,63.42
2023-05-21,62.88
2023-05-22,64.29
2023-05-23,61.71
2023-05-24,65.38
2023-05-25,66.54
2023-05-26,67.96
2023-05-27,65.38
2023-05-28,64.67
2023-05-29,59.75
2023-05-30,57.17
2023-05-31,58.12
2023-06-01,57.62
2023-06-02,63.62
2023-06-03,61.38
2023-06-04,65.83
2023-06-05,68.42
2023-06-06,64.96
2023-06-07,69.25
2023-06-08,67.79
2023-06-09,64.21
2023-06-10,69.42
2023-06-11,65.04
2023-06-12,150.67
2023-06-13,119.29
2023-06-14,65.29
2023-06-15,71.12
2023-06-16,63.67
2023-06-17,79.38
2023-06-18,83.54
2023-06-19,85.62
2023-06-20,79.96
2023-06-21,78.42
2023-06-22,74.33
2023-06-23,72.62
2023-06-24,72.75
2023-06-25,70.67
2023-06-26,72.58
2023-06-27,75.58
2023-06-28,77.54
2023-06-29,67.58
2023-06-30,61.92
2023-07-01,73.38
2023-07-02,81.67
2023-07-03,79.92
2023-07-04,82.42
2023-07-05,83.42
2023-07-06,88.62
2023-07-07,96.58
2023-07-08,103.12
2023-07-09,127.25
2023-07-10,117.88
2023-07-11,88.04
2023-07-12,88.08
2023-07-13,83.88
2023-07-14,84.54
2023-07-15,85.46
2023-07-16,92.54
2023-07-17,94.25
2023-07-18,84.71
2023-07-19,75.0
2023-07-20,80.83
2023-07-21,80.42
2023-07-22,72.88
2023-07-23,73.54
2023-07-24,66.04
2023-07-25,66.54
2023-07-26,78.83
2023-07-27,75.08
2023-07-28,69.67
2023-07-29,69.0
2023-07-30,75.33
2023-07-31,74.42
2023-08-01,73.71
2023-08-02,72.29
2023-08-03,74.33
2023-08-04,82.88
2023-08-05,79.46
2023-08-06,78.83
2023-08-07,78.88
2023-08-08,78.79
2023-08-09,73.42
2023-08-10,68.79
2023-08-11,69.92
2023-08-12,68.83
2023-08-13,68.33
2023-08-14,67.12
2023-08-15,65.79
2023-08-16,60.83
2023-08-17,59.04
2023-08-18,61.04
2023-08-19,62.62
2023-08-20,62.83
2023-08-21,61.0
2023-08-22,60.0
2023-08-23,61.96
2023-08-24,63.08
2023-08-25,67.04
2023-08-26,64.75
2023-08-27,63.54
2023-08-28,64.5
2023-08-29,68.04
2023-08-30,63.29
2023-08-31,62.58
2023-09-01,66.58
2023-09-02,67.12
2023-09-03,68.79
2023-09-04,71.46
2023-09-05,73.12
2023-09-06,75.54
2023-09-07,73.25
2023-09-08,73.0
2023-09-09,68.58
2023-09-10,60.46
2023-09-11,61.96
2023-09-12,64.42
2023-09-13,61.88
2023-09-14,65.25
2023-09-15,67.75
2023-09-16,61.88
2023-09-17,68.62
2023-09-18,70.58
2023-09-19,70.33
2023-09-20,79.33
2023-09-21,77.92
2023-09-22,77.17
2023-09-23,76.83
2023-09-24,92.75
2023-09-25,147.04
2023-09-26,171.92
2023-09-27,120.38
2023-09-28,98.33
2023-09-29,88.17
2023-09-30,98.79
2023-10-01,125.5
2023-10-02,93.08
2023-10-03,73.75
2023-10-04,71.79
2023-10-05,75.25
2023-10-06,81.38
2023-10-07,83.33
2023-10-08,81.96
2023-10-09,86.58
2023-10-10,78.46
2023-10-11,70.83
2023-10-12,66.58
2023-10-13,70.29
2023-10-14,70.92
2023-10-15,78.04
2023-10-16,88.88
2023-10-17,75.25
2023-10-18,82.33
2023-10-19,115.29
2023-10-20,100.75
2023-10-21,84.46
2023-10-22,87.5
2023-10-23,87.71
2023-10-24,93.21
2023-10-25,90.88
2023-10-26,86.62
2023-10-27,87.79
2023-10-28,91.12
2023-10-29,91.54
2023-10-30,87.33
2023-10-31,80.17
2023-11-01,88.5
2023-11-02,117.54
2023-11-03,106.75
2023-11-04,101.75
2023-11-05,104.25
2023-11-06,95.71
2023-11-07,118.17
2023-11-08,152.83
2023-11-09,151.92
2023-11-10,121.17
2023-11-11,78.42
2023-11-12,81.83
2023-11-13,97.25
2023-11-14,93.0
2023-11-15,84.12
2023-11-16,122.33
2023-11-17,127.62
2023-11-18,132.79
2023-11-19,175.5
2023-11-20,180.08
2023-11-21,166.67
2023-11-22,158.92
2023-11-23,150.29
2023-11-24,124.0
2023-11-25,142.71
2023-11-26,151.88
2023-11-27,133.33
2023-11-28,149.79
2023-11-29,153.75
2023-11-30,140.92
2023-12-01,131.88
2023-12-02,102.71
2023-12-03,117.62
2023-12-04,104.75
2023-12-05,98.46
2023-12-06,85.75
2023-12-07,81.0
2023-12-08,92.29
2023-12-09,80.12
2023-12-10,96.67
2023-12-11,94.17
2023-12-12,83.38
2023-12-13,99.46
2023-12-14,97.71
2023-12-15,96.33
2023-12-16,108.38
2023-12-17,107.54
2023-12-18,97.75
2023-12-19,100.67
2023-12-20,90.38
2023-12-21,82.67
2023-12-22,79.42
2023-12-23,71.96
2023-12-24,99.25
2023-12-25,121.21
2023-12-26,149.83
2023-12-27,115.46
2023-12-28,124.75
2023-12-29,108.12
2023-12-30,84.04
2023-12-31,103.88
2024-01-01,114.58
2024-01-02,107.67
2024-01-03,122.5
2024-01-04,104.58
2024-01-05,131.04
2024-01-06,140.96
2024-01-07,126.88
2024-01-08,116.88
2024-01-09,115.17
2024-01-10,106.92
2024-01-11,93.5
2024-01-12,104.08
2024-01-13,113.33
2024-01-14,79.88
2024-01-15,133.21
2024-01-16,103.79
2024-01-17,96.17
2024-01-18,148.92
2024-01-19,147.88
2024-01-20,156.04
2024-01-21,135.33
2024-01-22,151.88
2024-01-23,110.54
2024-01-24,138.54
2024-01-25,153.96
2024-01-26,141.21
2024-01-27,152.58
2024-01-28,151.96
2024-01-29,113.75
2024-01-30,75.75
2024-01-31,77.04
2024-02-01,76.42
2024-02-02,100.5
2024-02-03,116.25
2024-02-04,84.75
2024-02-05,82.46
2024-02-06,82.25
2024-02-07,83.92
2024-02-08,93.96
2024-02-09,87.42
2024-02-10,83.17
2024-02-11,81.92
2024-02-12,87.96
2024-02-13,101.96
2024-02-14,117.42
2024-02-15,128.83
2024-02-16,118.12
2024-02-17,104.38
2024-02-18,68.46
2024-02-19,64.0
2024-02-20,71.54
2024-02-21,74.42
2024-02-22,68.12
2024-02-23,92.0
2024-02-24,79.96
2024-02-25,76.79
2024-02-26,77.17
2024-02-27,90.12
2024-02-28,93.54
2024-02-29,88.92
2024-03-01,81.46
2024-03-02,74.88
2024-03-03,83.29
2024-03-04,96.42
2024-03-05,84.33
2024-03-06,86.83
2024-03-07,81.46
2024-03-08,96.62
2024-03-09,100.12
2024-03-10,107.38
2024-03-11,96.08
2024-03-12,73.0
2024-03-13,66.54
2024-03-14,110.42
2024-03-15,98.33
2024-03-16,87.25
2024-03-17,87.42
2024-03-18,93.33
2024-03-19,71.21
2024-03-20,79.17
2024-03-21,78.0
2024-03-22,82.92
2024-03-23,74.46
2024-03-24,74.58
2024-03-25,78.67
2024-03-26,66.75
2024-03-27,66.42
2024-03-28,71.5
2024-03-29,69.96
2024-03-30,82.46
2024-03-31,107.62
2024-04-01,116.79
2024-04-02,82.75
2024-04-03,99.79
2024-04-04,84.96
2024-04-05,69.75
2024-04-06,76.08
2024-04-07,70.83
2024-04-08,75.46
2024-04-09,65.5
2024-04-10,62.29
2024-04-11,69.04
2024-04-12,63.46
2024-04-13,56.54
2024-04-14,66.42
2024-04-15,88.04
2024-04-16,65.5
2024-04-17,82.96
2024-04-18,73.04
2024-04-19,82.5
2024-04-20,79.88
2024-04-21,76.25
2024-04-22,73.88
2024-04-23,70.62
2024-04-24,69.0
2024-04-25,68.5
2024-04-26,62.71
2024-04-27,64.71
2024-04-28,63.17
2024-04-29,76.08
2024-04-30,90.96
2024-05-01,93.5
2024-05-02,119.17
2024-05-03,79.62
2024-05-04,74.71
2024-05-05,69.29
2024-05-06,62.21
2024-05-07,67.08
2024-05-08,57.25
2024-05-09,50.62
2024-05-10,53.67
2024-05-11,60.58
2024-05-12,65.67
2024-05-13,69.21
2024-05-14,73.92
2024-05-15,65.29
2024-05-16,60.71
2024-05-17,62.71
2024-05-18,60.25
2024-05-19,50.33
2024-05-20,49.75
2024-05-21,54.83
2024-05-22,61.46
2024-05-23,61.62
2024-05-24,59.96
2024-05-25,62.33
2024-05-26,66.67
2024-05-27,72.71
2024-05-28,72.25
2024-05-29,69.08
2024-05-30,70.29
2024-05-31,69.08
2024-06-01,91.67
2024-06-02,99.75
2024-06-03,63.58
2024-06-04,65.79
2024-06-05,70.29
2024-06-06,71.96
2024-06-07,72.96
2024-06-08,67.25
2024-06-09,60.62
2024-06-10,60.62
2024-06-11,65.0
2024-06-12,68.0
2024-06-13,70.67
2024-06-14,74.12
2024-06-15,72.12
2024-06-16,71.21
2024-06-17,69.33
2024-06-18,68.54
2024-06-19,64.92
2024-06-20,77.92
2024-06-21,91.29
2024-06-22,102.75
2024-06-23,106.21
2024-06-24,90.42
2024-06-25,83.67
2024-06-26,83.79
2024-06-27,82.33
2024-06-28,81.0
2024-06-29,71.5
2024-06-30,62.5
2024-07-01,67.83
2024-07-02,84.71
2024-07-03,79.17
2024-07-04,74.83
2024-07-05,77.96
2024-07-06,84.54
2024-07-07,96.58
2024-07-08,96.75
2024-07-09,116.92
2024-07-10,102.38
2024-07-11,87.83
2024-07-12,79.54
2024-07-13,83.58
2024-07-14,80.88
2024-07-15,87.33
2024-07-16,99.88
2024-07-17,89.0
2024-07-18,89.58
2024-07-19,93.12
2024-07-20,96.71
2024-07-21,119.0
2024-07-22,92.08
2024-07-23,78.38
2024-07-24,89.46
2024-07-25,93.58
2024-07-26,98.62
2024-07-27,93.79
2024-07-28,107.58
2024-07-29,106.92
2024-07-30,101.25
2024-07-31,74.58
2024-08-01,68.46
2024-08-02,80.08
2024-08-03,88.33
2024-08-04,95.12
2024-08-05,94.25
2024-08-06,79.25
2024-08-07,74.5
2024-08-08,72.0
2024-08-09,70.25
2024-08-10,64.29
2024-08-11,62.88
2024-08-12,66.04
2024-08-13,66.42
2024-08-14,78.08
2024-08-15,73.0
2024-08-16,69.67
2024-08-17,69.88
2024-08-18,72.5
2024-08-19,69.62
2024-08-20,65.25
2024-08-21,63.29
2024-08-22,67.79
2024-08-23,67.42
2024-08-24,67.88
2024-08-25,77.12
2024-08-26,75.08
2024-08-27,76.0
2024-08-28,64.46
2024-08-29,56.62
2024-08-30,61.62
2024-08-31,58.46
2024-09-01,55.79
2024-09-02,61.88
2024-09-03,61.92
2024-09-04,67.0
2024-09-05,66.5
2024-09-06,66.75
2024-09-07,68.12
2024-09-08,63.58
2024-09-09,61.71
2024-09-10,71.38
2024-09-11,93.46
2024-09-12,108.38
2024-09-13,91.38
2024-09-14,77.12
2024-09-15,74.08
2024-09-16,74.21
2024-09-17,70.38
2024-09-18,65.08
2024-09-19,63.29
2024-09-20,64.75
2024-09-21,67.17
2024-09-22,73.96
2024-09-23,73.25
2024-09-24,70.67
2024-09-25,69.29
2024-09-26,68.5
2024-09-27,66.42
2024-09-28,68.25
2024-09-29,65.62
2024-09-30,62.12
2024-10-01,56.46
2024-10-02,55.25
2024-10-03,59.08
2024-10-04,60.33
2024-10-05,62.67
2024-10-06,63.12
2024-10-07,69.25
2024-10-08,76.46
2024-10-09,80.33
2024-10-10,85.92
2024-10-11,82.17
2024-10-12,113.17
2024-10-13,104.71
2024-10-14,79.25
2024-10-15,91.29
2024-10-16,83.21
2024-10-17,71.92
2024-10-18,78.33
2024-10-19,89.88
2024-10-20,86.71
2024-10-21,76.29
2024-10-22,77.04
2024-10-23,96.25
2024-10-24,95.83
2024-10-25,71.21
2024-10-26,60.88
2024-10-27,70.04
2024-10-28,90.5
2024-10-29,100.12
2024-10-30,117.62
2024-10-31,104.79
2024-11-01,100.04
2024-11-02,81.21
2024-11-03,83.96
2024-11-04,84.83
2024-11-05,82.62
2024-11-06,85.33
2024-11-07,84.17
2024-11-08,75.83
2024-11-09,72.33
2024-11-10,72.5
2024-11-11,75.67
2024-11-12,80.08
2024-11-13,104.21
2024-11-14,107.46
2024-11-15,112.96
2024-11-16,107.33
2024-11-17,91.83
2024-11-18,99.67
2024-11-19,124.46
2024-11-20,98.08
2024-11-21,94.21
2024-11-22,83.46
2024-11-23,74.04
2024-11-24,81.08
2024-11-25,98.46
2024-11-26,127.12
2024-11-27,96.5
2024-11-28,98.42
2024-11-29,87.17
2024-11-30,89.5
2024-12-01,122.88
2024-12-02,128.04
2024-12-03,120.54
2024-12-04,126.12
2024-12-05,134.5
2024-12-06,124.46
2024-12-07,87.62
2024-12-08,97.79
2024-12-09,84.71
2024-12-10,78.79
2024-12-11,100.83
2024-12-12,107.83
2024-12-13,70.12
2024-12-14,78.79
2024-12-15,82.75
2024-12-16,81.04
2024-12-17,100.83
2024-12-18,103.08
2024-12-19,108.71
2024-12-20,98.71
2024-12-21,99.21
2024-12-22,124.33
2024-12-23,134.88
2024-12-24,155.92
2024-12-25,158.92
2024-12-26,157.21
2024-12-27,135.08
2024-12-28,97.38
2024-12-29,81.62
2024-12-30,93.79
2024-12-31,117.54
2025-01-01,99.04
2025-01-02,123.38
2025-01-03,151.71
2025-01-04,158.67
2025-01-05,105.0
2025-01-06,106.62
2025-01-07,77.75
2025-01-08,82.75
2025-01-09,90.12
2025-01-10,108.21
2025-01-11,130.21
2025-01-12,122.17
2025-01-13,133.54
2025-01-14,142.33
2025-01-15,148.29
2025-01-16,154.75
2025-01-17,143.67
2025-01-18,110.75
2025-01-19,121.33
2025-01-20,140.29
2025-01-21,142.92
2025-01-22,115.96
2025-01-23,99.75
2025-01-24,70.79
2025-01-25,69.0
2025-01-26,90.33
2025-01-27,105.88
2025-01-28,100.42
2025-01-29,80.0
2025-01-30,83.29
2025-01-31,101.08
2025-02-01,105.25
2025-02-02,98.12
2025-02-03,84.38
2025-02-04,79.83
2025-02-05,69.04
2025-02-06,83.67
2025-02-07,67.17
2025-02-08,77.25
2025-02-09,99.42
2025-02-10,93.71
2025-02-11,79.33
2025-02-12,113.5
2025-02-13,146.29
2025-02-14,105.46
2025-02-15,83.58
2025-02-16,85.79
2025-02-17,81.46
2025-02-18,88.46
2025-02-19,67.21
2025-02-20,79.5
2025-02-21,115.83
2025-02-22,128.67
2025-02-23,99.58
2025-02-24,76.58
2025-02-25,85.88
2025-02-26,88.33
2025-02-27,67.46
2025-02-28,74.92
2025-03-01,88.42
2025-03-02,93.88
2025-03-03,79.08
2025-03-04,104.92
2025-03-05,88.38
2025-03-06,74.33
2025-03-07,76.42
2025-03-08,79.12
2025-03-09,86.92
2025-03-10,84.25
2025-03-11,80.17
2025-03-12,72.0
2025-03-13,63.17
2025-03-14,68.12
2025-03-15,94.25
2025-03-16,89.58
2025-03-17,90.83
2025-03-18,75.08
2025-03-19,60.96
2025-03-20,67.54
2025-03-21,71.58
2025-03-22,71.08
2025-03-23,70.0
2025-03-24,58.92
2025-03-25,56.04
2025-03-26,74.21
2025-03-27,76.12
2025-03-28,97.88
2025-03-29,98.88
2025-03-30,98.33
2025-03-31,76.79
2025-04-01,82.5
2025-04-02,92.38
2025-04-03,83.71
2025-04-04,88.38
2025-04-05,66.88
2025-04-06,56.42
2025-04-07,59.5
2025-04-08,68.83
2025-04-09,75.88
2025-04-10,67.67
2025-04-11,70.38
2025-04-12,77.25
2025-04-13,65.58
2025-04-14,62.46
2025-04-15,65.62
2025-04-16,67.88
2025-04-17,64.42
2025-04-18,63.92
2025-04-19,84.71
2025-04-20,154.29
2025-04-21,127.38
2025-04-22,117.67
2025-04-23,91.79
2025-04-24,83.25
2025-04-25,74.0
2025-04-26,83.0
2025-04-27,86.62
2025-04-28,81.5
2025-04-29,66.54
2025-04-30,60.25
2025-05-01,61.17
2025-05-02,63.46
2025-05-03,65.5
2025-05-04,66.58
2025-05-05,71.96
2025-05-06,101.58
2025-05-07,89.83
2025-05-08,74.38
2025-05-09,79.58
2025-05-10,87.42
2025-05-11,89.58
2025-05-12,102.71
2025-05-13,75.58
2025-05-14,72.46
2025-05-15,75.96
2025-05-16,72.5
2025-05-17,68.71
2025-05-18,67.25
2025-05-19,64.83
2025-05-20,72.33
2025-05-21,79.5
2025-05-22,82.67
2025-05-23,72.17
2025-05-24,69.29
2025-05-25,79.75
2025-05-26,86.75
2025-05-27,81.38
2025-05-28,79.21
2025-05-29,90.04
2025-05-30,104.58
2025-05-31,101.67
2025-06-01,98.42
2025-06-02,110.67
2025-06-03,107.0
2025-06-04,92.08
2025-06-05,81.71
2025-06-06,80.46
2025-06-07,80.46
2025-06-08,75.5
2025-06-09,76.42
2025-06-10,72.38
2025-06-11,73.5
2025-06-12,71.58
2025-06-13,66.08
2025-06-14,79.71
2025-06-15,95.79
2025-06-16,106.46
2025-06-17,107.04
2025-06-18,83.54
2025-06-19,72.96
2025-06-20,70.96
2025-06-21,72.79
2025-06-22,73.29
2025-06-23,78.5
2025-06-24,88.25
2025-06-25,92.71
2025-06-26,92.83
2025-06-27,89.58
2025-06-28,89.12
2025-06-29,71.33
2025-06-30,69.46
2025-07-01,76.67
2025-07-02,76.08
2025-07-03,81.17
2025-07-04,85.79
2025-07-05,92.96
2025-07-06,90.0
2025-07-07,92.12
2025-07-08,96.04
2025-07-09,97.92
2025-07-10,93.33
2025-07-11,92.58
2025-07-12,82.62
2025-07-13,79.17
2025-07-14,80.12
2025-07-15,83.92
2025-07-16,88.0
2025-07-17,87.5
2025-07-18,83.0
2025-07-19,80.75
2025-07-20,80.67
2025-07-21,82.38
2025-07-22,87.67
2025-07-23,81.38
2025-07-24,78.42
2025-07-25,81.33
2025-07-26,80.12
2025-07-27,84.46
2025-07-28,78.25
2025-07-29,73.21
2025-07-30,74.21
2025-07-31,82.42
2025-08-01,79.79
2025-08-02,76.25
2025-08-03,72.92
2025-08-04,69.04
2025-08-05,67.75
2025-08-06,70.88
2025-08-07,73.58
2025-08-08,71.71
2025-08-09,65.92
2025-08-10,67.29
2025-08-11,70.0
2025-08-12,68.46
2025-08-13,71.96
2025-08-14,73.83
2025-08-15,78.71
2025-08-16,85.58
2025-08-17,80.88
2025-08-18,82.88
2025-08-19,82.08
2025-08-20,91.12
2025-08-21,88.62
2025-08-22,82.54
2025-08-23,76.54
2025-08-24,77.42
2025-08-25,74.33
2025-08-26,78.62
2025-08-27,85.54
2025-08-28,84.88
2025-08-29,91.79
2025-08-30,104.12
2025-08-31,100.62
2025-09-01,79.5
2025-09-02,78.5
2025-09-03,87.83
2025-09-04,89.04
2025-09-05,80.92
2025-09-06,84.25
2025-09-07,79.58
2025-09-08,80.21
2025-09-09,80.54
2025-09-10,65.17
2025-09-11,71.0
2025-09-12,60.58
2025-09-13,60.17
2025-09-14,57.29
2025-09-15,57.29
2025-09-16,60.67
2025-09-17,70.54
2025-09-18,79.58
2025-09-19,86.71
2025-09-20,85.42
2025-09-21,81.58
2025-09-22,75.08
2025-09-23,67.08
2025-09-24,71.46
2025-09-25,76.71
2025-09-26,87.29
2025-09-27,81.79
2025-09-28,74.5
2025-09-29,90.04
2025-09-30,97.58
2025-10-01,77.54
2025-10-02,58.62
2025-10-03,51.83
2025-10-04,54.42
2025-10-05,60.25
2025-10-06,72.58
2025-10-07,98.92
2025-10-08,115.92
2025-10-09,115.5
2025-10-10,108.62
2025-10-11,112.21
2025-10-12,113.79
2025-10-13,109.08
2025-10-14,108.46
2025-10-15,99.71
2025-10-16,98.54
2025-10-17,103.92
2025-10-18,104.5
2025-10-19,97.62
2025-10-20,88.38
2025-10-21,87.5
2025-10-22,108.33
2025-10-23,106.38
2025-10-24,111.38
2025-10-25,100.96
2025-10-26,84.17
2025-10-27,80.88
2025-10-28,92.83
2025-10-29,108.21
2025-10-30,90.92
2025-10-31,107.42
2025-11-01,160.83
2025-11-02,157.58
2025-11-03,115.67
2025-11-04,89.38
2025-11-05,84.12
2025-11-06,124.83
2025-11-07,132.79
2025-11-08,114.42
2025-11-09,124.54
2025-11-10,106.88
2025-11-11,110.38
2025-11-12,102.04
2025-11-13,91.21
2025-11-14,88.75
2025-11-15,87.79
2025-11-16,91.96
2025-11-17,104.58
2025-11-18,112.33
2025-11-19,117.92
2025-11-20,111.17
2025-11-21,105.79
2025-11-22,130.04
2025-11-23,155.08
2025-11-24,149.33
2025-11-25,121.17
2025-11-26,111.83
2025-11-27,98.75
2025-11-28,98.42
2025-11-29,113.17
2025-11-30,107.17
2025-12-01,97.25
2025-12-02,92.42
2025-12-03,102.83
2025-12-04,81.83
2025-12-05,77.75
2025-12-06,74.54
2025-12-07,105.17
2025-12-08,110.75
2025-12-09,83.33
2025-12-10,90.29
2025-12-11,84.33
2025-12-12,84.29
2025-12-13,78.62
2025-12-14,82.67
2025-12-15,139.17
2025-12-16,140.67
2025-12-17,141.71
2025-12-18,114.25
2025-12-19,131.17
2025-12-20,150.54
2025-12-21,132.88
2025-12-22,81.58
2025-12-23,142.29
2025-12-24,108.83
2025-12-25,121.04
2025-12-26,113.12
2025-12-27,122.38
2025-12-28,121.67
2025-12-29,128.46
2025-12-30,127.0
2025-12-31,96.75
