Date,Max Temperature,Min Temperature,Rain,Wind Speed,Humidity,Pressure
2022-08-05,31.0,27.2,0.3,20.7,86,999.4
2022-08-06,29.3,27.1,0.8,24.2,86,997.8
2022-08-07,30.2,26.6,24.9,20.3,89,997.0
2022-08-08,31.0,27.4,0.0,19.4,87,996.7
2022-08-09,33.1,27.4,3.3,15.7,86,995.8
2022-08-10,32.5,26.9,26.0,15.8,89,994.2
2022-08-11,35.1,27.5,28.8,29.3,86,993.1
2022-08-12,30.3,25.8,82.7,40.5,86,993.7
2022-08-13,28.8,26.1,21.2,20.6,87,996.5
2022-08-14,30.8,25.3,43.0,25.9,84,996.5
2022-08-15,29.8,26.0,32.0,21.6,87,998.4
2022-08-16,29.4,26.3,11.1,14.1,87,999.8
2022-08-17,29.3,27.2,19.1,27.1,88,998.6
2022-08-18,28.7,27.2,9.6,35.6,87,998.3
2022-08-19,28.1,27.1,0.8,34.5,87,999.6
2022-08-20,29.0,26.8,1.8,26.5,87,1000.7
2022-08-21,29.2,26.9,2.4,28.6,87,1000.5
2022-08-22,29.7,26.6,0.5,22.5,85,1000.0
2022-08-23,28.5,26.3,3.2,23.5,86,999.8
2022-08-24,28.0,26.6,12.8,30.3,84,1000.6
2022-08-25,29.4,26.8,0.0,31.3,81,1001.2
2022-08-26,29.1,26.2,0.1,24.5,81,1003.4
2022-08-27,28.5,26.0,0.4,25.8,81,1004.5
2022-08-28,28.7,26.4,0.7,28.9,79,1003.8
2022-08-29,29.1,26.2,0.1,22.0,79,1005.7
2022-08-30,29.5,25.6,0.0,19.9,82,1007.5
2022-08-31,29.1,25.6,0.0,18.8,85,1006.5
2022-09-01,29.0,26.5,0.5,26.4,84,1005.4
2022-09-02,29.4,26.3,0.2,19.7,83,1006.5
2022-09-03,29.3,26.4,0.5,27.2,82,1005.8
2022-09-04,29.4,26.5,0.2,38.2,80,1003.5
2022-09-05,29.2,26.5,0.5,32.7,78,1003.5
2022-09-06,29.4,26.0,0.0,20.2,79,1005.1
2022-09-07,29.1,25.0,0.0,22.5,85,1006.8
2022-09-08,30.7,25.5,0.0,21.5,84,1007.2
2022-09-09,35.3,25.9,0.0,22.8,77,1005.0
2022-09-10,35.6,27.3,0.0,19.7,72,1003.3
2022-09-11,33.2,27.4,0.0,23.5,78,1001.6
2022-09-12,32.9,26.9,0.1,17.4,83,1000.6
2022-09-13,34.4,27.6,0.0,20.7,78,1001.5
2022-09-14,34.9,27.1,0.0,28.8,77,1002.6
2022-09-15,31.1,26.8,0.0,31.2,82,1003.2
2022-09-16,30.3,27.0,0.3,33.3,78,1001.2
2022-09-17,30.2,27.0,0.3,26.1,76,1001.5
2022-09-18,30.0,26.2,0.0,22.4,79,1005.7
2022-09-19,30.1,25.7,0.0,23.0,79,1006.8
2022-09-20,30.3,26.0,0.0,24.2,73,1006.1
2022-09-21,30.4,26.4,0.0,25.0,72,1006.2
2022-09-22,30.5,26.3,0.0,28.0,73,1005.8
2022-09-23,30.4,26.4,0.0,32.7,74,1005.2
2022-09-24,30.3,26.6,0.3,33.9,73,1003.8
2022-09-25,30.1,26.7,0.4,28.1,76,1003.9
2022-09-26,29.5,25.9,1.0,20.8,79,1007.8
2022-09-27,29.9,25.5,0.1,20.8,78,1007.5
2022-09-28,29.8,25.8,0.0,25.4,73,1006.6
2022-09-29,30.1,25.8,0.0,25.3,72,1006.8
2022-09-30,29.8,25.4,0.0,24.2,75,1007.4
2022-10-01,30.1,25.9,0.0,29.3,73,1006.7
2022-10-02,30.2,26.4,0.1,24.6,72,1006.3
2022-10-03,29.8,25.8,0.3,21.1,73,1007.8
2022-10-04,30.2,25.9,0.0,21.6,76,1009.1
2022-10-05,30.7,25.3,0.0,22.6,80,1008.3
2022-10-06,30.8,25.5,0.0,21.5,79,1006.5
2022-10-07,34.2,24.7,0.0,29.0,75,1006.0
2022-10-08,38.3,25.3,0.0,22.9,49,1006.3
2022-10-09,33.8,25.3,0.0,25.2,56,1007.3
2022-10-10,34.5,24.6,0.0,19.7,65,1008.8
2022-10-11,33.6,22.3,0.0,17.1,67,1008.1
2022-10-12,31.4,21.7,0.0,17.3,80,1009.0
2022-10-13,31.1,22.0,0.0,17.9,80,1010.8
2022-10-14,33.8,22.0,0.0,18.4,71,1011.1
2022-10-15,34.2,22.1,0.0,20.9,77,1010.5
2022-10-16,34.1,23.0,0.0,19.9,67,1011.3
2022-10-17,34.9,21.9,0.0,22.0,58,1012.1
2022-10-18,30.8,24.3,0.0,20.8,79,1010.5
2022-10-19,29.9,23.9,0.0,17.8,83,1009.9
2022-10-20,29.9,23.2,0.0,18.1,83,1010.4
2022-10-21,31.8,23.2,0.0,17.6,73,1013.7
2022-10-22,34.8,23.5,0.0,24.7,45,1015.3
2022-10-23,33.2,22.3,0.0,19.6,53,1014.3
2022-10-24,32.1,23.5,0.0,21.8,71,1011.4
2022-10-25,30.7,25.6,0.0,31.4,77,1009.8
2022-10-26,30.6,25.7,0.0,21.4,82,1011.1
2022-10-27,29.0,23.6,0.0,18.6,85,1012.1
2022-10-28,29.6,23.4,0.0,15.1,80,1012.8
2022-10-29,32.6,22.6,0.0,16.2,70,1013.1
2022-10-30,33.0,23.0,0.0,17.9,69,1013.5
2022-10-31,31.5,22.3,0.0,20.7,80,1012.9
2022-11-01,30.4,23.5,0.0,20.3,85,1013.3
2022-11-02,30.4,23.4,0.0,18.7,85,1013.1
2022-11-03,30.6,23.3,0.0,21.4,83,1012.0
2022-11-04,30.9,23.6,0.0,22.7,78,1012.4
2022-11-05,33.4,23.1,0.0,21.3,67,1013.4
2022-11-06,31.3,22.9,0.0,21.4,76,1013.8
2022-11-07,29.1,23.1,0.7,21.0,79,1013.8
2022-11-08,28.0,21.6,0.0,15.1,74,1014.0
2022-11-09,29.6,21.2,0.0,17.9,70,1014.5
2022-11-10,29.3,21.7,0.0,18.4,77,1015.5
2022-11-11,30.8,22.2,0.0,19.8,65,1016.4
2022-11-12,30.3,21.2,0.0,19.8,71,1015.8
2022-11-13,28.1,21.1,0.0,16.3,87,1013.6
2022-11-14,29.7,24.5,0.0,19.0,78,1012.5
2022-11-15,30.3,22.3,0.0,23.5,58,1014.4
2022-11-16,28.7,21.1,0.0,15.5,55,1014.5
2022-11-17,30.1,21.4,0.0,20.3,74,1014.1
2022-11-18,28.2,21.7,0.0,18.0,82,1013.7
2022-11-19,29.1,23.1,0.0,19.7,77,1013.7
2022-11-20,29.1,21.8,0.0,18.5,73,1013.6
2022-11-21,31.1,21.3,0.0,21.0,56,1013.5
2022-11-22,28.6,22.3,0.0,17.7,74,1013.4
2022-11-23,28.8,19.6,0.0,18.4,54,1014.0
2022-11-24,28.5,19.2,0.0,18.7,72,1013.2
2022-11-25,27.5,18.5,0.0,14.6,74,1013.9
2022-11-26,28.7,19.1,0.0,17.2,60,1013.1
2022-11-27,26.7,19.4,0.0,12.1,80,1009.7
2022-11-28,28.6,19.3,0.0,15.3,65,1010.7
2022-11-29,30.8,18.4,0.0,15.3,47,1013.2
2022-11-30,30.4,18.1,0.0,17.5,36,1014.5
2022-12-01,29.1,16.9,0.0,20.5,39,1013.7
2022-12-02,26.6,17.0,0.0,17.2,62,1011.9
2022-12-03,26.4,18.7,0.0,15.5,71,1012.4
2022-12-04,28.7,17.7,0.0,21.9,50,1014.4
2022-12-05,27.9,17.5,0.0,17.1,56,1015.7
2022-12-06,27.4,17.8,0.0,18.3,57,1015.9
2022-12-07,28.6,16.0,0.0,15.3,52,1015.2
2022-12-08,28.0,16.9,0.0,17.2,70,1014.1
2022-12-09,27.0,18.5,0.0,15.9,86,1012.2
2022-12-10,28.2,18.5,0.0,16.8,57,1012.5
2022-12-11,29.4,19.0,0.0,26.6,43,1013.9
2022-12-12,28.7,18.9,0.0,23.7,42,1014.0
2022-12-13,29.0,18.0,0.0,28.6,42,1015.2
2022-12-14,29.0,19.2,0.0,27.5,34,1015.6
2022-12-15,27.4,15.3,0.0,17.0,49,1014.1
2022-12-16,26.6,15.4,0.0,13.1,69,1012.4
2022-12-17,27.0,15.4,0.0,14.4,74,1013.3
2022-12-18,26.5,16.3,0.0,13.9,59,1014.0
2022-12-19,26.0,15.7,0.0,13.0,57,1012.9
2022-12-20,27.3,16.7,0.0,18.4,47,1012.4
2022-12-21,26.4,15.2,0.0,20.3,46,1013.6
2022-12-22,25.9,14.9,0.0,20.3,39,1014.0
2022-12-23,25.1,13.2,0.0,16.4,44,1013.2
2022-12-24,25.0,13.8,0.0,19.3,37,1014.8
2022-12-25,24.3,13.3,0.0,17.3,43,1015.6
2022-12-26,25.5,14.5,0.0,13.5,43,1016.6
2022-12-27,25.9,15.6,0.0,17.9,39,1018.0
2022-12-28,24.1,15.2,0.0,14.8,61,1017.4
2022-12-29,26.5,21.2,0.0,27.4,72,1016.7
2022-12-30,25.2,15.5,0.0,24.5,45,1019.7
2022-12-31,24.2,14.4,0.0,20.5,48,1020.9
2023-01-01,25.1,14.6,0.0,16.4,65,1018.3
2023-01-02,25.6,14.5,0.0,15.0,52,1018.0
2023-01-03,25.4,14.7,0.0,19.5,36,1020.4
2023-01-04,24.1,14.5,0.0,26.3,33,1021.0
2023-01-05,22.8,12.8,0.0,29.3,32,1021.0
2023-01-06,24.3,13.7,0.0,25.5,28,1020.5
2023-01-07,26.0,15.1,0.0,22.1,29,1019.3
2023-01-08,24.6,14.2,0.0,17.2,39,1018.0
2023-01-09,23.9,14.1,0.0,14.8,70,1018.7
2023-01-10,23.7,15.8,0.0,15.3,73,1018.3
2023-01-11,25.4,18.1,0.2,30.2,77,1014.4
2023-01-12,22.0,14.8,0.0,29.9,29,1013.3
2023-01-13,22.3,9.8,0.0,30.6,18,1015.2
2023-01-14,21.0,9.5,0.0,18.1,29,1018.1
2023-01-15,19.4,8.9,0.0,14.5,44,1016.6
2023-01-16,21.6,10.9,0.0,16.3,55,1014.9
2023-01-17,22.0,12.0,0.0,16.2,37,1016.3
2023-01-18,23.6,11.4,0.0,13.2,40,1016.1
2023-01-19,24.8,13.0,0.0,27.3,35,1015.7
2023-01-20,22.5,13.0,0.0,26.3,47,1016.4
2023-01-21,22.0,12.9,0.0,20.7,50,1017.4
2023-01-22,21.5,11.4,0.0,21.6,48,1016.8
2023-01-23,21.8,12.0,0.0,18.5,32,1017.1
2023-01-24,20.2,10.4,0.0,16.4,41,1016.4
2023-01-25,19.9,9.3,0.0,18.0,43,1017.0
2023-01-26,22.6,11.0,0.0,24.7,29,1018.9
2023-01-27,23.3,12.4,0.0,30.9,26,1018.2
2023-01-28,24.1,12.9,0.0,23.0,24,1014.4
2023-01-29,22.7,11.7,0.0,21.5,43,1011.2
2023-01-30,23.1,11.9,0.0,18.1,49,1015.5
2023-01-31,25.3,14.8,0.0,25.8,36,1019.0
2023-02-01,25.5,14.6,0.0,26.2,40,1018.3
2023-02-02,24.3,13.0,0.0,17.8,47,1016.5
2023-02-03,25.2,11.4,0.0,17.5,53,1015.8
2023-02-04,23.3,14.4,0.0,16.2,82,1013.9
2023-02-05,24.9,18.1,0.0,25.6,83,1012.0
2023-02-06,30.0,18.7,0.0,22.6,70,1012.0
2023-02-07,25.2,14.5,0.0,14.8,74,1012.9
2023-02-08,26.5,17.0,0.0,18.4,83,1012.9
2023-02-09,25.1,18.6,0.0,24.2,85,1011.6
2023-02-10,25.7,20.8,0.0,27.7,81,1011.5
2023-02-11,28.2,16.6,0.0,22.9,67,1014.9
2023-02-12,29.4,16.7,0.0,19.5,37,1018.0
2023-02-13,26.3,17.2,0.0,20.5,32,1018.1
2023-02-14,26.9,18.8,0.0,21.3,79,1015.2
2023-02-15,25.3,18.3,0.0,16.5,90,1013.8
2023-02-16,28.4,18.7,0.0,21.1,83,1013.8
2023-02-17,29.6,17.3,0.0,19.2,81,1014.1
2023-02-18,26.9,15.7,0.0,15.0,77,1013.8
2023-02-19,25.2,17.9,0.0,18.6,87,1012.4
2023-02-20,28.8,19.0,0.0,23.2,79,1010.7
2023-02-21,26.7,19.0,0.0,18.5,85,1011.5
2023-02-22,25.8,20.5,0.0,26.3,82,1011.7
2023-02-23,25.7,19.1,0.0,21.7,81,1012.2
2023-02-24,26.2,18.1,0.0,21.5,85,1013.8
2023-02-25,27.5,19.6,0.0,23.9,79,1015.2
2023-02-26,28.9,19.7,0.0,20.2,82,1016.3
2023-02-27,29.3,18.0,0.0,18.5,84,1015.9
2023-02-28,28.3,19.4,0.0,21.3,83,1015.1
2023-03-01,28.2,19.1,0.0,22.7,79,1015.9
2023-03-02,32.5,21.8,0.0,22.6,48,1016.8
2023-03-03,31.6,20.6,0.0,18.6,51,1017.4
2023-03-04,31.6,20.3,0.0,25.0,50,1017.1
2023-03-05,31.0,19.8,0.0,23.2,50,1016.7
2023-03-06,30.3,20.1,0.0,22.0,56,1014.4
2023-03-07,30.2,19.8,0.0,23.1,71,1013.1
2023-03-08,29.6,19.8,0.0,24.0,73,1014.1
2023-03-09,31.9,20.0,0.0,22.9,60,1014.6
2023-03-10,31.2,20.2,0.0,21.1,55,1014.2
2023-03-11,30.6,19.6,0.0,17.9,63,1013.5
2023-03-12,31.3,21.4,0.0,19.1,63,1012.6
2023-03-13,30.3,20.0,0.0,20.6,72,1012.4
2023-03-14,28.4,20.2,0.0,21.6,81,1010.6
2023-03-15,28.5,22.6,0.0,19.9,80,1008.1
2023-03-16,29.3,22.2,0.0,28.8,80,1008.0
2023-03-17,28.7,23.2,0.0,19.4,80,1009.2
2023-03-18,29.7,20.7,0.0,21.3,66,1009.3
2023-03-19,29.1,21.0,0.0,24.3,69,1008.2
2023-03-20,27.1,21.7,0.0,15.3,77,1007.0
2023-03-21,28.1,21.4,0.0,20.7,71,1007.3
2023-03-22,25.6,21.2,0.4,24.7,78,1008.4
2023-03-23,25.6,21.0,3.8,26.1,81,1007.8
2023-03-24,26.9,22.2,0.0,31.7,60,1007.7
2023-03-25,27.5,22.2,0.0,19.9,67,1010.1
2023-03-26,28.4,20.4,0.0,26.6,75,1011.9
2023-03-27,29.5,20.4,0.0,22.3,69,1011.1
2023-03-28,27.8,21.3,0.0,24.9,78,1009.4
2023-03-29,27.5,23.5,0.0,25.8,78,1008.8
2023-03-30,27.4,23.3,0.8,25.1,71,1007.7
2023-03-31,28.8,23.8,0.0,30.0,76,1007.1
2023-04-01,28.9,23.3,0.0,27.7,74,1008.5
2023-04-02,28.3,23.0,0.0,29.6,77,1008.1
2023-04-03,28.9,24.1,0.3,26.5,78,1006.8
2023-04-04,27.7,22.6,0.0,22.3,74,1008.9
2023-04-05,29.7,21.6,0.0,23.0,69,1009.2
2023-04-06,29.2,22.1,0.0,26.4,76,1010.3
2023-04-07,29.8,21.4,0.0,24.0,78,1012.0
2023-04-08,30.8,21.9,0.0,28.3,76,1012.8
2023-04-09,29.7,22.3,0.0,29.5,78,1012.8
2023-04-10,28.3,22.2,0.0,20.0,82,1011.1
2023-04-11,29.1,21.5,0.0,21.8,82,1011.2
2023-04-12,32.0,23.4,0.0,27.7,76,1011.2
2023-04-13,33.2,24.6,0.0,27.1,70,1010.7
2023-04-14,30.6,24.5,0.0,25.1,82,1009.2
2023-04-15,30.3,23.9,0.0,25.0,82,1007.7
2023-04-16,30.5,24.6,0.0,27.7,81,1006.6
2023-04-17,30.3,24.4,0.0,23.7,77,1007.6
2023-04-18,34.4,24.4,0.0,36.7,67,1010.1
2023-04-19,32.0,24.8,0.0,27.9,63,1008.1
2023-04-20,33.8,24.8,0.0,26.5,71,1004.9
2023-04-21,31.4,24.8,0.0,29.8,77,1004.4
2023-04-22,31.3,25.0,0.0,28.5,76,1005.4
2023-04-23,33.0,24.9,0.0,28.2,74,1005.8
2023-04-24,32.5,24.4,0.0,22.6,78,1007.6
2023-04-25,33.6,25.1,0.0,36.0,70,1008.1
2023-04-26,31.0,26.2,0.0,28.9,55,1006.6
2023-04-27,30.0,25.3,0.3,23.7,72,1006.6
2023-04-28,28.7,23.5,3.4,19.5,76,1007.5
2023-04-29,28.4,22.7,0.8,19.0,76,1006.9
2023-04-30,29.0,22.7,0.2,19.0,69,1005.5
2023-05-01,30.7,24.3,0.9,22.8,71,1004.6
2023-05-02,31.0,24.9,0.1,27.2,74,1005.8
2023-05-03,30.5,25.3,0.0,22.3,78,1007.8
2023-05-04,31.0,24.5,0.0,25.7,80,1007.3
2023-05-05,31.7,25.0,0.0,25.4,80,1006.8
2023-05-06,33.6,25.3,0.0,26.8,76,1006.7
2023-05-07,32.2,25.9,0.0,28.3,80,1006.1
2023-05-08,33.0,25.9,0.0,29.1,79,1005.1
2023-05-09,32.0,24.6,0.0,26.6,79,1006.3
2023-05-10,34.6,25.4,0.0,26.0,71,1006.9
2023-05-11,35.5,26.5,0.0,31.1,68,1006.6
2023-05-12,34.5,27.1,0.0,34.5,66,1005.8
2023-05-13,34.3,27.1,0.0,37.1,71,1005.1
2023-05-14,32.6,27.3,0.0,29.6,80,1003.8
2023-05-15,32.3,27.5,0.1,32.8,80,1003.0
2023-05-16,32.1,28.1,0.0,35.1,81,1005.3
2023-05-17,31.8,27.9,0.6,32.9,77,1006.3
2023-05-18,32.0,27.9,0.0,29.0,80,1008.6
2023-05-19,32.4,27.6,0.0,26.5,81,1008.2
2023-05-20,31.8,26.9,0.0,30.9,78,1006.8
2023-05-21,32.2,27.8,0.0,32.4,76,1006.7
2023-05-22,32.2,28.2,0.0,34.3,80,1006.7
2023-05-23,32.2,28.0,0.4,33.6,83,1006.4
2023-05-24,32.4,28.1,0.0,35.5,82,1005.1
2023-05-25,32.9,28.7,0.0,44.6,80,1003.6
2023-05-26,33.0,28.3,0.0,45.1,81,1003.5
2023-05-27,33.0,28.5,0.0,38.6,79,1003.4
2023-05-28,32.6,27.9,0.0,30.9,80,1003.8
2023-05-29,32.2,27.9,0.0,31.7,83,1005.6
2023-05-30,32.4,28.1,0.2,28.0,76,1007.1
2023-05-31,31.5,27.7,1.1,34.1,74,1006.7
2023-06-01,32.0,28.3,1.4,33.7,77,1004.4
2023-06-02,32.4,28.5,0.1,29.7,81,1004.6
2023-06-03,32.9,28.0,0.0,32.7,82,1003.9
2023-06-04,33.2,28.1,0.0,30.3,81,1004.2
2023-06-05,32.6,28.0,0.0,31.1,81,1003.9
2023-06-06,33.2,28.3,0.0,31.4,81,1002.0
2023-06-07,33.2,28.8,0.0,26.5,81,1001.2
2023-06-08,32.6,28.7,0.0,27.4,78,1003.0
2023-06-09,32.3,28.7,0.8,30.3,76,1001.5
2023-06-10,32.0,28.3,0.2,23.4,76,999.8
2023-06-11,32.7,27.4,0.0,19.4,76,999.0
2023-06-12,36.7,28.3,0.0,30.9,65,997.0
2023-06-13,35.4,29.7,5.4,44.0,64,996.2
2023-06-14,35.0,28.6,0.5,40.1,64,996.0
2023-06-15,34.6,28.0,0.3,45.5,68,993.8
2023-06-16,34.7,28.6,1.3,34.9,71,995.6
2023-06-17,32.4,29.1,0.0,32.1,81,999.4
2023-06-18,32.4,29.0,0.0,30.1,74,1001.3
2023-06-19,32.1,28.3,0.0,29.9,75,1000.9
2023-06-20,32.8,28.9,0.0,31.4,69,1000.0
2023-06-21,32.7,29.3,1.0,30.3,74,1000.2
2023-06-22,32.2,28.8,2.2,29.5,77,1000.8
2023-06-23,32.5,28.5,0.4,29.0,76,1000.5
2023-06-24,32.0,28.6,1.0,27.3,78,999.2
2023-06-25,32.1,28.7,0.5,27.2,79,998.5
2023-06-26,32.9,28.5,0.8,28.3,77,999.2
2023-06-27,32.8,28.9,0.8,22.2,76,999.8
2023-06-28,33.3,28.9,0.0,25.7,76,1000.8
2023-06-29,34.1,28.7,0.3,29.4,73,1000.5
2023-06-30,33.0,29.1,1.0,34.7,73,999.2
2023-07-01,33.7,28.9,1.1,28.0,74,999.4
2023-07-02,32.9,28.9,0.4,22.0,76,1000.6
2023-07-03,33.5,28.7,0.4,24.6,78,1000.1
2023-07-04,33.2,28.5,0.1,28.0,74,998.1
2023-07-05,33.1,29.1,0.6,25.6,72,995.7
2023-07-06,33.6,28.9,0.1,21.3,74,997.8
2023-07-07,35.5,29.1,0.0,25.1,73,999.0
2023-07-08,34.9,29.4,4.0,22.4,73,999.4
2023-07-09,33.9,28.8,0.1,26.1,74,1000.2
2023-07-10,33.7,28.7,0.0,27.9,67,1001.2
2023-07-11,34.1,29.5,0.0,26.9,64,1002.1
2023-07-12,33.5,29.1,0.0,29.4,65,1000.9
2023-07-13,33.5,29.2,0.1,29.8,67,1000.1
2023-07-14,34.0,29.0,0.2,29.8,67,1001.2
2023-07-15,33.4,28.5,0.0,34.3,69,1001.3
2023-07-16,32.9,29.0,0.0,29.7,68,1000.5
2023-07-17,33.5,29.0,0.2,26.9,71,999.9
2023-07-18,33.1,28.5,0.6,30.7,74,999.1
2023-07-19,32.5,28.1,0.1,29.6,74,997.4
2023-07-20,33.4,28.5,0.0,27.8,72,998.1
2023-07-21,32.7,28.5,4.7,26.4,76,999.8
2023-07-22,33.4,28.7,0.2,20.2,77,1001.0
2023-07-23,35.7,27.4,27.5,24.4,82,999.7
2023-07-24,29.9,26.8,16.4,23.9,89,997.9
2023-07-25,30.3,26.7,7.0,17.1,85,1000.0
2023-07-26,30.6,27.3,0.6,21.0,83,1002.0
2023-07-27,30.8,27.3,0.9,29.3,83,1002.6
2023-07-28,30.6,27.5,0.2,33.4,82,1001.4
2023-07-29,30.5,27.3,0.9,34.3,81,1000.3
2023-07-30,30.6,27.3,0.8,30.9,83,1000.0
2023-07-31,30.7,27.3,1.3,31.9,85,999.7
2023-08-01,30.5,27.2,1.1,33.0,85,999.4
2023-08-02,30.6,27.3,1.4,35.0,83,999.4
2023-08-03,30.5,27.1,0.8,28.7,82,998.8
2023-08-04,30.5,26.9,0.9,26.5,83,1000.2
2023-08-05,30.5,26.7,0.9,29.7,82,1002.7
2023-08-06,30.0,26.7,0.7,37.4,80,1001.7
2023-08-07,30.0,26.7,1.7,39.3,80,999.1
2023-08-08,29.9,26.7,2.2,34.8,82,999.5
2023-08-09,30.1,26.6,0.8,35.8,82,1002.7
2023-08-10,30.0,26.4,1.6,36.8,82,1003.7
2023-08-11,29.8,26.2,1.3,33.6,82,1004.1
2023-08-12,29.5,26.1,0.8,38.8,81,1003.6
2023-08-13,29.6,26.2,0.6,37.1,81,1000.4
2023-08-14,30.4,26.1,0.0,30.9,84,1000.4
2023-08-15,29.6,26.0,0.5,24.8,84,1002.5
2023-08-16,29.7,25.8,0.0,28.7,81,1004.8
2023-08-17,29.7,25.5,0.2,37.9,77,1005.2
2023-08-18,30.3,25.2,0.0,35.8,76,1004.1
2023-08-19,30.0,25.2,0.1,29.9,79,1003.8
2023-08-20,30.5,24.9,0.0,27.1,79,1004.1
2023-08-21,30.1,25.5,0.0,32.1,80,1003.8
2023-08-22,29.7,25.4,0.6,33.6,80,1003.0
2023-08-23,28.8,25.4,1.9,35.1,81,1001.0
2023-08-24,28.9,25.5,2.0,33.9,85,999.0
2023-08-25,28.8,25.5,2.1,30.7,84,999.4
2023-08-26,28.9,25.2,2.4,30.1,85,1001.7
2023-08-27,29.2,25.5,1.0,30.4,83,1003.5
2023-08-28,29.3,25.3,1.1,33.9,83,1002.5
2023-08-29,29.4,25.5,0.7,29.6,84,1003.3
2023-08-30,29.7,25.3,0.5,21.7,82,1006.0
2023-08-31,30.0,25.2,0.2,22.9,81,1006.6
2023-09-01,29.4,24.4,0.0,18.4,81,1006.9
2023-09-02,30.3,24.8,0.0,24.0,76,1006.5
2023-09-03,30.0,25.3,0.9,27.1,76,1005.0
2023-09-04,30.3,25.6,0.1,29.2,76,1003.8
2023-09-05,30.0,25.7,0.5,24.2,78,1003.9
2023-09-06,31.3,25.3,0.0,22.0,80,1004.9
2023-09-07,32.0,25.7,0.0,25.9,80,1004.7
2023-09-08,31.6,25.9,0.0,30.8,81,1004.2
2023-09-09,31.2,26.1,0.0,30.6,79,1003.3
2023-09-10,31.2,25.9,0.0,32.4,80,1002.1
2023-09-11,31.1,26.2,0.0,35.7,78,1002.6
2023-09-12,30.9,26.2,0.0,31.8,76,1003.1
2023-09-13,30.8,26.0,0.4,28.7,78,1002.6
2023-09-14,30.3,25.7,0.1,22.3,81,1003.5
2023-09-15,30.7,25.5,0.0,21.4,81,1004.3
2023-09-16,31.2,26.3,0.3,22.6,79,1003.4
2023-09-17,32.2,26.7,0.0,29.1,79,1001.2
2023-09-18,33.1,26.5,0.0,32.0,80,1000.5
2023-09-19,34.9,26.7,0.0,27.2,77,1002.5
2023-09-20,34.1,26.8,12.0,24.0,81,1003.0
2023-09-21,34.0,26.9,3.5,21.0,80,1003.0
2023-09-22,30.9,26.0,0.0,19.4,85,1003.9
2023-09-23,31.9,26.9,0.0,22.5,83,1004.9
2023-09-24,31.1,26.8,0.0,24.9,77,1005.3
2023-09-25,31.1,25.5,0.0,20.7,75,1004.5
2023-09-26,30.8,22.5,0.0,19.4,76,1006.3
2023-09-27,34.1,24.6,0.0,24.5,74,1006.9
2023-09-28,36.4,25.5,0.0,21.4,70,1006.1
2023-09-29,35.1,25.0,0.0,20.4,78,1005.6
2023-09-30,39.5,24.4,0.0,26.7,58,1005.8
2023-10-01,36.9,23.2,0.0,22.4,44,1005.5
2023-10-02,34.8,23.2,0.0,24.3,67,1006.3
2023-10-03,31.8,25.0,0.0,25.0,84,1007.8
2023-10-04,32.0,25.9,0.0,23.4,81,1008.5
2023-10-05,31.7,26.1,0.0,24.5,77,1008.0
2023-10-06,31.5,26.9,0.0,26.9,73,1006.9
2023-10-07,30.7,27.4,0.3,26.5,74,1007.5
2023-10-08,31.6,27.1,0.9,27.2,77,1009.1
2023-10-09,32.1,27.2,0.0,30.6,78,1010.0
2023-10-10,32.0,26.8,0.0,29.6,77,1009.7
2023-10-11,32.3,26.2,0.0,22.1,79,1010.7
2023-10-12,31.9,25.9,0.0,22.2,78,1011.3
2023-10-13,31.9,25.8,0.0,21.2,75,1012.1
2023-10-14,31.5,25.3,0.0,24.5,73,1011.5
2023-10-15,31.8,27.0,0.3,26.2,71,1009.7
2023-10-16,31.1,23.6,1.2,29.7,75,1009.7
2023-10-17,31.0,24.8,0.9,24.3,76,1011.3
2023-10-18,34.5,24.5,0.0,21.3,67,1014.3
2023-10-19,32.2,23.8,0.0,20.8,69,1013.7
2023-10-20,32.1,25.1,0.0,19.4,78,1013.2
2023-10-21,34.3,24.7,0.0,17.1,75,1013.4
2023-10-22,32.6,24.5,0.0,21.2,80,1013.9
2023-10-23,33.9,24.3,0.0,18.9,79,1013.2
2023-10-24,33.9,23.5,0.0,19.2,77,1012.2
2023-10-25,34.6,24.4,0.0,18.5,76,1013.7
2023-10-26,34.0,24.6,0.0,21.7,75,1013.7
2023-10-27,32.3,24.8,0.0,21.3,77,1011.6
2023-10-28,34.1,25.4,0.6,21.6,74,1011.5
2023-10-29,33.8,23.1,0.0,18.0,75,1012.3
2023-10-30,35.0,23.0,0.0,18.0,64,1012.4
2023-10-31,36.6,22.9,0.0,18.4,38,1012.5
2023-11-01,35.7,23.7,0.0,19.8,30,1013.2
2023-11-02,35.4,23.5,0.0,25.5,36,1012.8
2023-11-03,34.8,24.3,0.0,25.6,58,1010.9
2023-11-04,32.1,24.6,0.0,21.6,76,1010.4
2023-11-05,34.8,23.8,0.0,15.6,72,1012.1
2023-11-06,35.0,22.3,0.0,17.9,58,1012.7
2023-11-07,34.1,23.1,0.0,18.0,44,1012.8
2023-11-08,32.5,22.5,0.0,16.0,49,1012.6
2023-11-09,33.4,22.3,0.0,23.5,62,1012.7
2023-11-10,34.7,22.2,0.0,16.8,51,1013.8
2023-11-11,33.4,18.8,0.0,17.3,35,1016.7
2023-11-12,31.7,18.8,0.0,19.1,44,1016.9
2023-11-13,30.3,18.8,0.0,16.3,57,1015.7
2023-11-14,31.9,19.8,0.0,21.5,42,1015.5
2023-11-15,31.3,20.4,0.0,25.3,35,1015.8
2023-11-16,31.4,19.6,0.0,19.2,33,1015.9
2023-11-17,30.1,20.3,0.0,26.0,33,1015.9
2023-11-18,30.1,19.2,0.0,17.9,31,1014.6
2023-11-19,31.3,18.0,0.0,14.5,36,1014.8
2023-11-20,31.6,19.7,0.0,25.6,35,1015.4
2023-11-21,31.7,20.9,0.0,24.9,33,1015.2
2023-11-22,29.9,17.7,0.0,19.5,45,1013.9
2023-11-23,31.7,22.3,0.0,17.6,66,1010.7
2023-11-24,31.6,19.6,0.0,23.2,61,1012.0
2023-11-25,31.8,22.5,0.0,29.3,38,1012.8
2023-11-26,26.6,18.2,3.8,33.2,59,1013.8
2023-11-27,26.4,16.3,0.0,21.2,65,1013.9
2023-11-28,27.8,16.4,0.0,20.0,58,1014.4
2023-11-29,28.0,15.8,0.0,20.5,56,1014.6
2023-11-30,28.3,15.8,0.0,15.3,61,1014.9
2023-12-01,29.7,16.8,0.0,15.1,52,1015.7
2023-12-02,28.7,18.0,0.0,24.7,49,1015.7
2023-12-03,28.8,17.7,0.0,23.6,50,1016.2
2023-12-04,29.3,16.6,0.0,15.1,51,1015.7
2023-12-05,28.6,16.2,0.0,20.7,47,1015.0
2023-12-06,28.2,16.3,0.0,23.9,43,1015.3
2023-12-07,28.0,16.1,0.0,21.7,40,1015.5
2023-12-08,27.0,14.7,0.0,18.3,54,1014.8
2023-12-09,28.4,17.4,0.0,18.8,72,1015.0
2023-12-10,26.6,15.0,0.0,13.8,62,1014.5
2023-12-11,26.9,15.4,0.0,18.5,78,1013.4
2023-12-12,27.0,16.0,0.0,12.0,70,1011.9
2023-12-13,28.4,16.2,0.0,16.5,46,1014.0
2023-12-14,27.6,15.2,0.0,14.5,47,1015.1
2023-12-15,27.2,14.8,0.0,12.6,47,1015.7
2023-12-16,27.3,15.3,0.0,18.2,62,1016.2
2023-12-17,26.5,15.9,0.0,19.0,57,1016.8
2023-12-18,26.6,16.7,0.0,30.8,36,1019.0
2023-12-19,26.1,17.0,0.0,28.5,34,1019.2
2023-12-20,26.4,15.7,0.0,20.1,33,1018.3
2023-12-21,27.0,14.1,0.0,15.0,36,1016.3
2023-12-22,27.7,17.0,0.0,18.6,34,1015.0
2023-12-23,28.8,15.4,0.0,20.9,32,1016.3
2023-12-24,28.9,17.7,0.0,27.8,34,1018.5
2023-12-25,28.4,17.2,0.0,22.2,39,1018.2
2023-12-26,26.2,13.2,0.0,16.6,59,1017.2
2023-12-27,28.9,16.0,0.0,23.7,51,1018.1
2023-12-28,28.0,16.0,0.0,23.6,42,1016.7
2023-12-29,28.2,15.4,0.0,15.5,42,1015.7
2023-12-30,28.3,16.7,0.0,21.4,39,1016.0
2023-12-31,27.5,14.9,0.0,20.2,44,1016.2
2024-01-01,27.0,14.7,0.0,15.0,49,1016.7
2024-01-02,25.5,14.4,0.0,21.8,64,1015.8
2024-01-03,25.7,16.5,0.0,16.7,55,1014.9
2024-01-04,25.0,15.7,0.0,19.1,45,1015.9
2024-01-05,24.8,14.1,0.0,17.3,52,1016.1
2024-01-06,25.2,15.6,0.0,22.6,53,1017.3
2024-01-07,25.5,14.4,0.0,22.1,52,1017.6
2024-01-08,24.6,14.1,0.0,17.9,55,1017.5
2024-01-09,25.0,14.4,0.0,27.8,48,1019.0
2024-01-10,25.2,12.9,0.0,18.7,46,1018.6
2024-01-11,25.0,11.0,0.0,13.0,50,1017.5
2024-01-12,25.4,11.4,0.0,16.9,50,1016.0
2024-01-13,24.6,11.6,0.0,17.8,76,1015.4
2024-01-14,25.4,14.9,0.0,17.3,80,1016.2
2024-01-15,23.7,14.1,0.0,17.9,72,1015.7
2024-01-16,26.4,18.8,0.0,21.1,78,1011.5
2024-01-17,27.1,18.3,0.0,19.0,58,1011.7
2024-01-18,27.0,15.2,0.0,17.8,52,1015.1
2024-01-19,26.0,14.2,0.0,15.3,49,1015.7
2024-01-20,24.4,16.2,0.5,15.9,78,1016.4
2024-01-21,26.6,16.3,0.0,15.5,62,1016.6
2024-01-22,24.5,15.7,0.0,18.3,66,1016.4
2024-01-23,26.1,15.5,0.0,21.4,69,1016.6
2024-01-24,24.7,12.1,0.0,13.8,60,1016.9
2024-01-25,24.0,13.3,0.0,15.6,70,1017.1
2024-01-26,26.0,14.0,0.0,19.1,60,1018.5
2024-01-27,26.0,15.5,0.0,20.2,50,1018.8
2024-01-28,24.3,12.9,0.0,19.6,66,1016.6
2024-01-29,27.5,18.1,0.4,20.6,75,1015.9
2024-01-30,25.4,18.8,0.8,17.1,81,1015.3
2024-01-31,26.4,20.1,0.3,21.6,80,1013.5
2024-02-01,29.8,16.0,0.0,17.7,63,1013.8
2024-02-02,26.6,20.2,0.0,12.6,73,1015.4
2024-02-03,26.0,18.0,3.2,29.1,76,1014.8
2024-02-04,26.5,19.6,1.2,25.2,80,1014.9
2024-02-05,25.1,17.6,0.0,17.1,77,1015.6
2024-02-06,25.5,17.4,0.1,18.1,73,1016.0
2024-02-07,27.0,18.9,0.0,23.3,60,1018.6
2024-02-08,26.0,16.9,0.0,24.6,44,1020.3
2024-02-09,26.3,12.5,0.0,20.6,55,1017.7
2024-02-10,27.4,16.6,0.0,22.2,66,1018.6
2024-02-11,28.2,15.3,0.0,14.6,41,1019.2
2024-02-12,27.1,16.8,0.0,23.0,39,1018.1
2024-02-13,26.6,16.7,0.0,14.2,46,1018.2
2024-02-14,27.7,15.2,0.0,21.5,50,1018.7
2024-02-15,28.2,14.9,0.0,21.6,54,1018.0
2024-02-16,30.4,14.8,0.0,22.8,40,1017.5
2024-02-17,29.5,14.5,0.0,19.2,46,1014.3
2024-02-18,26.8,19.6,0.0,30.1,74,1010.1
2024-02-19,28.4,22.6,0.0,33.9,76,1008.9
2024-02-20,26.6,20.7,0.0,25.2,75,1010.7
2024-02-21,27.2,20.2,0.0,27.4,70,1010.8
2024-02-22,29.3,17.9,0.0,25.5,40,1013.2
2024-02-23,28.3,13.7,0.0,23.0,37,1015.1
2024-02-24,29.9,15.5,0.0,23.6,54,1014.2
2024-02-25,29.3,15.8,0.0,23.7,40,1013.9
2024-02-26,29.5,19.0,0.0,34.4,29,1013.0
2024-02-27,27.7,16.5,0.0,39.3,47,1015.4
2024-02-28,29.2,17.2,0.0,27.4,41,1015.1
2024-02-29,30.3,17.7,0.0,15.9,42,1011.6
2024-03-01,25.0,19.0,7.4,22.5,72,1010.6
2024-03-02,20.1,14.6,0.0,33.5,50,1011.7
2024-03-03,21.7,11.2,0.0,26.6,39,1013.9
2024-03-04,24.2,10.0,0.0,21.4,46,1015.6
2024-03-05,26.2,13.5,0.0,23.2,29,1016.6
2024-03-06,25.6,14.8,0.0,18.3,37,1015.4
2024-03-07,27.9,17.7,0.0,24.0,57,1013.8
2024-03-08,28.3,17.3,0.0,19.5,49,1015.3
2024-03-09,29.7,17.1,0.0,19.6,40,1015.2
2024-03-10,25.9,19.0,2.2,19.5,50,1015.0
2024-03-11,27.2,18.6,0.0,22.2,71,1015.6
2024-03-12,27.6,19.1,0.0,24.9,82,1015.2
2024-03-13,31.2,21.0,0.0,26.7,57,1013.3
2024-03-14,29.4,18.2,0.0,25.0,30,1013.9
2024-03-15,32.0,17.8,0.0,23.8,36,1013.8
2024-03-16,30.9,17.8,0.0,22.6,36,1013.4
2024-03-17,34.0,19.4,0.0,25.1,29,1013.3
2024-03-18,32.8,19.4,0.0,20.0,37,1013.0
2024-03-19,34.8,20.8,0.0,22.4,56,1012.4
2024-03-20,33.1,19.8,0.0,22.7,66,1012.3
2024-03-21,33.2,22.3,0.0,26.8,53,1010.3
2024-03-22,31.8,23.1,0.0,26.9,70,1007.9
2024-03-23,30.7,22.8,0.0,25.8,81,1008.5
2024-03-24,31.5,23.4,0.0,29.9,73,1009.1
2024-03-25,33.2,22.6,0.0,30.1,67,1011.1
2024-03-26,34.4,23.3,0.0,27.1,66,1010.6
2024-03-27,31.7,23.5,0.0,27.4,73,1011.8
2024-03-28,34.6,23.5,0.0,26.7,56,1010.9
2024-03-29,29.2,22.2,0.0,26.6,68,1010.3
2024-03-30,29.2,22.3,0.0,30.7,71,1011.6
2024-03-31,33.7,21.3,0.0,25.6,54,1012.6
2024-04-01,31.8,20.7,0.0,23.1,62,1010.2
2024-04-02,30.3,23.0,0.0,30.2,72,1007.6
2024-04-03,30.0,23.0,0.0,24.5,78,1007.8
2024-04-04,32.1,23.0,0.0,27.6,67,1009.2
2024-04-05,31.4,24.5,0.0,30.4,58,1009.2
2024-04-06,30.8,23.7,0.0,27.3,60,1008.6
2024-04-07,32.0,21.7,0.0,24.9,76,1008.1
2024-04-08,34.7,21.6,0.0,22.5,68,1008.5
2024-04-09,35.1,22.2,0.0,26.6,57,1008.5
2024-04-10,32.2,23.0,0.0,24.3,76,1008.0
2024-04-11,31.3,22.4,0.0,21.0,80,1008.3
2024-04-12,33.6,23.0,0.0,23.3,77,1007.4
2024-04-13,32.0,25.0,0.0,23.8,78,1007.4
2024-04-14,29.5,24.5,3.4,14.8,80,1010.4
2024-04-15,30.3,23.2,0.0,19.7,76,1011.9
2024-04-16,33.9,23.7,0.0,24.5,73,1010.9
2024-04-17,33.9,24.6,0.0,18.9,57,1008.6
2024-04-18,29.7,25.3,0.5,28.0,78,1007.4
2024-04-19,29.8,24.2,0.0,33.4,71,1006.0
2024-04-20,32.8,24.6,0.0,25.6,66,1006.3
2024-04-21,31.5,24.3,0.0,32.2,72,1006.9
2024-04-22,32.0,24.7,0.0,33.4,76,1007.5
2024-04-23,31.8,24.4,0.0,27.7,79,1006.6
2024-04-24,31.8,24.2,0.0,25.9,78,1006.1
2024-04-25,31.6,24.1,0.0,31.4,79,1006.1
2024-04-26,31.8,25.4,0.0,28.9,75,1006.3
2024-04-27,32.0,24.3,0.0,26.8,77,1007.5
2024-04-28,33.9,24.6,0.0,26.3,75,1007.8
2024-04-29,37.4,25.7,0.0,24.7,42,1008.4
2024-04-30,38.1,25.0,0.0,27.2,37,1007.5
2024-05-01,36.8,23.7,0.0,28.0,21,1005.4
2024-05-02,36.4,22.0,0.0,29.5,55,1004.7
2024-05-03,33.1,26.0,0.0,30.7,71,1005.5
2024-05-04,33.5,26.6,0.0,32.8,70,1007.3
2024-05-05,32.7,25.9,0.0,32.5,74,1005.8
2024-05-06,35.1,26.6,0.0,29.9,66,1004.7
2024-05-07,35.0,26.8,0.0,28.5,67,1005.4
2024-05-08,34.9,26.0,0.0,26.4,78,1005.2
2024-05-09,34.4,26.4,0.0,24.6,80,1004.2
2024-05-10,33.1,26.6,0.0,24.8,78,1005.3
2024-05-11,32.3,25.6,0.0,21.2,76,1007.0
2024-05-12,33.1,26.2,0.0,24.1,77,1007.1
2024-05-13,33.0,25.8,0.0,24.7,79,1006.9
2024-05-14,33.4,24.9,0.0,22.5,76,1008.2
2024-05-15,36.6,26.3,0.0,22.0,67,1008.4
2024-05-16,35.2,26.2,0.0,25.7,70,1008.6
2024-05-17,36.3,26.4,0.0,29.1,69,1006.6
2024-05-18,38.1,26.5,0.0,30.3,67,1004.9
2024-05-19,34.1,26.4,0.0,27.8,75,1003.0
2024-05-20,34.6,28.1,0.0,32.1,76,1002.5
2024-05-21,36.0,27.5,0.0,31.3,74,1002.3
2024-05-22,36.0,28.5,0.0,31.6,71,1001.6
2024-05-23,34.9,27.6,0.0,31.4,74,1000.5
2024-05-24,34.7,27.8,0.0,29.7,77,999.5
2024-05-25,34.3,27.6,0.0,27.3,79,1000.1
2024-05-26,34.9,28.1,0.0,30.1,77,1001.2
2024-05-27,34.6,28.0,0.0,36.4,78,1000.0
2024-05-28,34.7,28.5,0.0,39.5,75,998.5
2024-05-29,41.5,28.8,0.0,36.2,64,996.5
2024-05-30,41.6,28.4,0.0,29.4,68,998.1
2024-05-31,35.3,28.0,0.0,27.8,79,999.9
2024-06-01,38.3,27.9,0.0,25.5,68,999.2
2024-06-02,33.4,28.2,0.0,25.4,78,1002.4
2024-06-03,32.8,27.9,0.0,27.5,74,1003.7
2024-06-04,32.7,27.8,0.0,32.7,72,1003.4
2024-06-05,32.6,28.2,0.0,34.0,71,1003.3
2024-06-06,33.0,28.4,0.6,30.9,74,1004.4
2024-06-07,33.3,27.8,0.0,31.1,73,1003.6
2024-06-08,33.5,28.1,0.0,32.1,74,1002.3
2024-06-09,33.5,28.0,0.0,30.5,75,1002.7
2024-06-10,33.4,27.8,0.0,32.3,76,1003.1
2024-06-11,33.3,28.3,0.0,33.1,73,1002.8
2024-06-12,33.4,28.5,0.0,33.0,71,1002.8
2024-06-13,33.2,28.9,0.3,31.1,71,1002.0
2024-06-14,33.5,28.9,0.4,29.8,73,1000.5
2024-06-15,33.6,29.0,0.4,22.5,74,1000.3
2024-06-16,34.2,28.8,0.1,28.2,74,1001.0
2024-06-17,33.3,29.1,0.5,25.2,71,1001.3
2024-06-18,33.5,29.6,0.7,28.1,70,1000.0
2024-06-19,34.0,29.1,0.0,31.8,76,996.1
2024-06-20,33.8,28.9,0.0,29.6,81,993.7
2024-06-21,33.7,29.1,0.4,25.7,79,995.7
2024-06-22,34.5,29.2,0.0,23.7,76,997.9
2024-06-23,35.3,28.9,0.0,26.4,74,998.8
2024-06-24,38.5,28.4,0.0,31.4,71,996.6
2024-06-25,37.2,28.4,0.0,35.8,74,994.5
2024-06-26,34.9,28.9,0.0,23.7,75,995.0
2024-06-27,35.9,29.8,0.0,25.3,71,995.8
2024-06-28,37.5,29.7,8.8,26.6,68,995.5
2024-06-29,36.4,29.6,0.0,27.4,72,995.5
2024-06-30,35.0,29.9,0.0,25.5,72,995.8
2024-07-01,35.9,30.3,0.0,31.4,74,993.4
2024-07-02,34.9,30.5,0.0,26.9,70,992.0
2024-07-03,34.8,30.4,0.3,28.3,73,993.8
2024-07-04,34.0,29.8,0.4,22.9,73,996.4
2024-07-05,33.5,29.7,0.6,22.9,71,995.1
2024-07-06,35.2,29.9,0.0,31.3,68,992.5
2024-07-07,35.2,30.2,0.3,32.3,75,993.9
2024-07-08,34.4,29.8,0.3,22.0,75,997.9
2024-07-09,34.7,29.8,0.9,20.4,78,999.6
2024-07-10,35.0,29.5,0.1,23.9,78,1000.9
2024-07-11,34.4,29.5,0.6,34.0,74,999.8
2024-07-12,33.2,29.5,1.2,39.8,75,996.2
2024-07-13,33.1,29.3,2.2,32.5,78,995.9
2024-07-14,33.1,28.8,0.6,28.1,78,996.1
2024-07-15,34.1,28.9,0.0,21.4,75,997.5
2024-07-16,35.9,29.2,0.1,26.9,74,997.4
2024-07-17,35.3,29.7,0.0,30.7,77,996.1
2024-07-18,34.8,30.2,0.0,29.5,77,996.3
2024-07-19,34.7,29.5,0.0,24.8,72,994.9
2024-07-20,38.6,29.6,0.2,22.0,71,995.1
2024-07-21,37.4,30.0,4.2,16.1,69,995.8
2024-07-22,35.2,30.0,3.4,30.9,77,996.6
2024-07-23,33.0,29.5,0.1,29.3,77,996.4
2024-07-24,32.4,29.3,0.0,31.2,76,993.9
2024-07-25,32.9,28.9,0.3,25.5,76,992.6
2024-07-26,33.8,29.4,0.4,28.5,76,994.1
2024-07-27,34.0,29.3,0.0,28.7,74,995.6
2024-07-28,33.3,29.3,0.0,19.5,74,995.1
2024-07-29,33.0,28.8,3.3,22.8,77,994.8
2024-07-30,32.8,28.0,18.4,20.4,85,996.8
2024-07-31,30.5,28.1,2.3,22.0,86,998.9
2024-08-01,31.1,28.4,1.4,33.9,83,997.4
2024-08-02,31.1,27.8,1.0,27.7,84,996.6
2024-08-03,30.8,27.9,0.2,25.3,82,997.3
2024-08-04,30.8,27.7,2.5,21.6,83,997.2
2024-08-05,30.7,26.4,1.6,20.4,82,999.6
2024-08-06,29.6,27.2,1.1,25.0,83,1000.2
2024-08-07,30.5,27.8,0.4,33.5,78,1000.2
2024-08-08,31.3,27.7,0.7,25.4,76,1001.5
2024-08-09,31.8,27.9,0.5,29.0,75,1002.9
2024-08-10,32.9,27.9,0.4,35.0,74,1002.5
2024-08-11,31.6,27.5,1.1,34.7,79,1000.0
2024-08-12,30.9,27.6,1.4,27.2,81,1000.6
2024-08-13,31.9,27.8,0.4,23.2,80,1002.5
2024-08-14,32.2,27.4,0.0,23.5,78,1003.1
2024-08-15,32.1,27.5,1.9,25.7,80,1001.9
2024-08-16,31.3,27.2,1.1,25.2,80,1000.2
2024-08-17,30.9,27.6,0.1,19.3,77,1001.5
2024-08-18,31.6,27.4,0.2,25.2,77,1003.1
2024-08-19,31.2,27.3,1.0,25.1,77,1003.6
2024-08-20,31.9,27.0,0.8,27.2,74,1003.1
2024-08-21,31.6,27.6,0.0,26.5,74,1003.7
2024-08-22,33.4,27.5,0.0,24.9,71,1003.2
2024-08-23,32.6,27.7,0.0,27.7,73,1003.3
2024-08-24,32.7,27.2,0.0,28.3,74,1003.3
2024-08-25,33.1,27.3,0.0,29.9,74,1001.6
2024-08-26,33.2,27.0,0.0,31.1,74,999.1
2024-08-27,33.4,27.1,51.2,22.3,82,998.0
2024-08-28,29.2,26.5,22.8,23.0,87,999.2
2024-08-29,29.8,26.7,21.8,25.8,89,998.0
2024-08-30,30.3,24.9,25.7,45.9,83,996.7
2024-08-31,28.3,25.0,8.5,46.6,87,1001.8
2024-09-01,29.0,25.4,1.0,23.3,88,1004.0
2024-09-02,29.3,24.9,0.0,17.5,87,1003.7
2024-09-03,29.9,25.4,0.0,21.4,86,1003.9
2024-09-04,30.2,26.1,2.2,20.2,83,1003.8
2024-09-05,30.1,26.4,0.2,29.8,84,1001.5
2024-09-06,30.1,26.5,0.9,26.4,84,1002.6
2024-09-07,29.6,25.9,0.2,20.9,83,1004.2
2024-09-08,29.9,25.6,0.1,20.7,84,1004.8
2024-09-09,30.3,25.7,0.0,26.2,82,1002.6
2024-09-10,30.0,25.8,0.5,22.9,83,1001.1
2024-09-11,30.2,25.2,0.2,19.6,82,1001.9
2024-09-12,30.6,25.7,0.0,25.4,79,1002.6
2024-09-13,30.8,26.2,0.1,31.4,74,1002.1
2024-09-14,31.2,26.3,0.0,32.4,72,1001.8
2024-09-15,30.7,26.3,0.0,27.4,72,1003.6
2024-09-16,29.9,26.1,0.5,26.1,75,1005.5
2024-09-17,31.5,25.9,0.0,25.8,77,1006.3
2024-09-18,32.1,25.5,0.0,23.8,78,1005.0
2024-09-19,31.5,25.0,0.0,23.5,80,1005.5
2024-09-20,31.9,25.6,0.0,25.0,81,1005.5
2024-09-21,31.3,25.9,0.0,25.5,75,1006.1
2024-09-22,31.6,26.2,0.0,25.9,73,1006.2
2024-09-23,32.0,26.7,0.0,26.8,73,1005.7
2024-09-24,32.0,26.8,0.0,26.9,73,1004.3
2024-09-25,32.4,26.5,0.0,24.7,75,1003.4
2024-09-26,32.8,26.6,0.0,25.1,74,1002.5
2024-09-27,32.4,26.8,0.0,28.8,76,1002.4
2024-09-28,32.8,26.9,0.0,25.2,74,1004.2
2024-09-29,32.6,26.6,0.0,23.7,74,1007.7
2024-09-30,32.2,26.3,0.0,25.7,75,1009.2
2024-10-01,32.8,26.4,0.0,27.2,77,1007.3
2024-10-02,32.4,26.5,0.0,28.4,79,1007.0
2024-10-03,32.0,26.7,0.0,30.6,79,1006.0
2024-10-04,32.0,26.8,0.0,31.0,80,1005.0
2024-10-05,32.3,26.3,0.0,26.3,78,1006.3
2024-10-06,32.1,26.0,0.0,22.8,78,1009.2
2024-10-07,34.1,24.9,0.0,19.6,68,1011.5
2024-10-08,37.6,24.8,0.0,21.8,49,1010.8
2024-10-09,38.0,26.8,0.0,26.9,49,1008.9
2024-10-10,37.0,25.8,0.0,24.0,56,1007.5
2024-10-11,37.5,26.5,0.0,27.0,46,1007.2
2024-10-12,36.1,25.2,0.0,25.6,58,1007.4
2024-10-13,33.6,26.2,0.0,20.3,69,1008.3
2024-10-14,34.4,28.3,0.0,14.7,61,1009.3
2024-10-15,36.4,26.9,0.3,28.8,56,1009.4
2024-10-16,36.1,26.7,0.0,25.2,64,1008.3
2024-10-17,34.5,27.3,0.0,23.0,74,1007.3
2024-10-18,34.6,25.2,0.0,20.0,76,1007.8
2024-10-19,36.8,25.6,0.0,23.0,59,1008.8
2024-10-20,37.3,26.0,0.0,21.7,58,1009.2
2024-10-21,35.3,25.9,0.0,26.5,71,1009.8
2024-10-22,36.3,24.7,0.0,29.4,66,1010.6
2024-10-23,34.9,25.0,0.2,25.6,72,1011.3
2024-10-24,36.6,23.7,0.0,23.2,59,1011.4
2024-10-25,37.9,25.0,0.0,21.3,59,1010.6
2024-10-26,35.7,26.5,0.0,23.0,70,1009.8
2024-10-27,36.4,24.6,0.0,20.1,67,1007.8
2024-10-28,34.5,25.1,0.0,19.9,77,1005.9
2024-10-29,32.7,25.5,0.0,22.1,81,1007.2
2024-10-30,32.2,25.7,0.0,23.9,83,1009.2
2024-10-31,33.4,25.4,0.0,18.6,79,1011.6
2024-11-01,34.5,24.3,0.0,21.2,72,1012.4
2024-11-02,32.2,25.2,0.0,20.4,80,1011.8
2024-11-03,31.6,24.2,0.0,16.3,83,1012.0
2024-11-04,32.9,23.5,0.0,19.9,75,1011.8
2024-11-05,33.1,22.7,0.0,17.0,72,1012.7
2024-11-06,34.1,22.8,0.0,20.3,72,1014.3
2024-11-07,31.8,23.7,0.0,22.0,80,1013.1
2024-11-08,31.8,25.2,0.0,20.1,77,1012.3
2024-11-09,31.1,24.2,0.0,19.4,78,1012.9
2024-11-10,31.3,23.9,0.0,20.7,77,1013.6
2024-11-11,31.3,23.2,0.0,20.1,78,1013.1
2024-11-12,31.1,24.1,0.0,17.7,76,1012.2
2024-11-13,31.6,23.5,0.0,10.6,68,1011.3
2024-11-14,31.7,22.9,0.0,10.7,61,1012.1
2024-11-15,32.1,22.7,0.0,10.6,53,1012.8
2024-11-16,31.4,22.4,0.0,12.4,65,1012.4
2024-11-17,31.8,22.6,0.0,14.9,69,1012.5
2024-11-18,32.3,23.1,0.0,17.1,55,1013.6
2024-11-19,31.5,22.8,0.0,12.6,53,1014.7
2024-11-20,30.7,22.5,0.0,12.8,57,1013.8
2024-11-21,30.2,21.5,0.0,12.1,66,1013.3
2024-11-22,30.4,22.7,0.0,14.4,66,1012.7
2024-11-23,30.2,22.9,0.0,12.5,65,1012.9
2024-11-24,29.9,22.9,0.0,10.1,67,1013.4
2024-11-25,31.1,21.5,0.0,11.5,53,1014.4
2024-11-26,30.8,21.1,0.0,12.3,58,1014.2
2024-11-27,30.0,22.2,0.0,12.4,71,1012.5
2024-11-28,30.0,22.0,0.0,11.5,75,1012.8
2024-11-29,30.1,22.0,0.0,11.4,73,1013.8
2024-11-30,30.7,21.8,0.0,11.5,56,1013.1
2024-12-01,29.4,20.4,0.0,11.1,42,1011.6
2024-12-02,30.3,20.1,0.0,9.9,39,1011.2
2024-12-03,30.3,20.9,0.0,13.6,44,1013.6
2024-12-04,29.6,21.7,0.0,16.1,42,1014.8
2024-12-05,28.4,19.5,0.0,10.9,50,1014.2
2024-12-06,28.1,18.5,0.0,9.3,57,1012.8
2024-12-07,28.6,16.1,0.0,10.0,33,1011.7
2024-12-08,28.2,17.9,0.0,14.8,14,1013.5
2024-12-09,26.1,14.5,0.0,10.9,22,1015.8
2024-12-10,25.6,15.2,0.0,10.3,27,1016.4
2024-12-11,25.9,14.7,0.0,8.0,31,1016.0
2024-12-12,25.1,14.4,0.0,11.4,30,1016.5
2024-12-13,24.0,15.0,0.0,18.2,26,1017.8
2024-12-14,24.8,15.6,0.0,14.1,26,1017.2
2024-12-15,25.6,14.0,0.0,11.2,29,1017.2
2024-12-16,26.4,14.8,0.0,10.6,31,1016.2
2024-12-17,26.0,14.0,0.0,9.8,36,1015.0
2024-12-18,25.9,16.6,0.0,12.7,28,1014.3
2024-12-19,25.2,14.8,0.0,9.9,34,1013.4
2024-12-20,24.5,15.2,0.0,12.1,32,1015.4
2024-12-21,24.2,13.7,0.0,12.0,30,1014.6
2024-12-22,24.2,13.5,0.0,11.4,43,1013.0
2024-12-23,24.2,14.6,0.0,10.5,55,1013.7
2024-12-24,24.4,14.7,0.0,11.8,37,1016.8
2024-12-25,23.5,14.3,0.0,14.1,40,1018.2
2024-12-26,23.8,14.4,0.0,12.4,38,1019.2
2024-12-27,24.4,13.8,0.0,10.8,36,1018.9
2024-12-28,25.2,12.9,0.0,11.5,31,1019.1
2024-12-29,25.2,13.4,0.0,11.3,35,1019.5
2024-12-30,25.1,15.0,0.0,11.5,33,1018.5
2024-12-31,25.8,14.4,0.0,8.7,35,1018.0
2025-01-01,26.2,15.3,0.0,10.5,35,1016.7
2025-01-02,25.6,14.9,0.0,9.6,45,1015.9
2025-01-03,24.6,14.9,0.0,11.5,55,1015.6
2025-01-04,24.2,17.2,0.0,14.1,55,1014.4
2025-01-05,22.5,13.2,0.0,10.7,47,1015.2
2025-01-06,24.5,13.2,0.0,9.4,38,1017.6
2025-01-07,24.9,13.5,0.0,11.8,24,1018.7
2025-01-08,23.5,11.5,0.0,9.6,37,1015.7
2025-01-09,24.2,12.3,0.0,7.7,51,1013.9
2025-01-10,25.4,15.4,0.0,13.6,39,1014.9
2025-01-11,25.9,14.8,0.0,10.6,43,1015.9
2025-01-12,25.8,14.7,0.0,13.6,35,1018.0
2025-01-13,23.5,14.7,0.0,15.1,41,1018.5
2025-01-14,24.1,13.5,0.0,10.4,52,1017.4
2025-01-15,25.1,14.9,0.0,10.5,52,1018.2
2025-01-16,22.7,14.7,0.0,11.1,54,1019.2
2025-01-17,24.5,14.8,0.0,15.9,39,1018.2
2025-01-18,24.9,15.5,0.0,13.8,35,1015.0
2025-01-19,25.7,14.5,0.0,10.7,34,1015.0
2025-01-20,26.0,16.1,0.0,12.4,39,1014.9
2025-01-21,24.7,14.6,0.0,11.7,50,1014.1
2025-01-22,25.0,16.8,0.0,13.4,60,1013.6
2025-01-23,26.4,15.1,0.0,12.0,36,1016.4
2025-01-24,25.9,15.0,0.0,13.3,25,1016.1
2025-01-25,26.2,15.2,0.0,11.3,28,1015.4
2025-01-26,25.8,14.1,0.0,12.2,40,1014.2
2025-01-27,27.1,14.3,0.0,11.8,63,1012.4
2025-01-28,25.7,14.0,0.0,11.4,75,1011.2
2025-01-29,26.3,17.0,0.0,12.7,80,1012.0
2025-01-30,26.6,16.3,0.0,13.1,52,1012.0
2025-01-31,24.1,15.0,0.0,13.8,29,1010.9
2025-02-01,24.5,12.7,0.0,11.4,44,1012.8
2025-02-02,26.7,14.8,0.0,13.4,27,1014.5
2025-02-03,25.0,16.7,0.0,15.7,33,1013.7
2025-02-04,24.8,16.7,0.0,14.5,50,1015.0
2025-02-05,25.8,14.4,0.0,13.4,43,1015.5
2025-02-06,27.4,14.8,0.0,12.7,29,1016.1
2025-02-07,28.4,17.9,0.0,13.8,18,1016.0
2025-02-08,28.1,16.8,0.0,10.1,27,1014.1
2025-02-09,27.0,15.4,0.0,11.3,39,1012.8
2025-02-10,26.3,17.1,0.0,13.4,71,1013.3
2025-02-11,27.7,20.4,0.0,12.7,76,1013.6
2025-02-12,29.0,17.9,0.0,10.7,59,1015.3
2025-02-13,28.3,18.2,0.0,11.1,48,1015.4
2025-02-14,29.7,19.8,0.0,14.7,65,1013.4
2025-02-15,29.4,22.0,0.0,16.2,67,1010.9
2025-02-16,30.3,21.3,0.0,14.1,68,1010.7
2025-02-17,30.6,20.7,0.0,13.2,60,1012.9
2025-02-18,30.9,21.4,0.0,13.5,61,1013.5
2025-02-19,29.5,22.7,0.0,20.7,61,1011.5
2025-02-20,31.4,20.7,0.0,14.4,47,1011.7
2025-02-21,29.3,20.9,0.0,8.4,47,1014.8
2025-02-22,29.2,18.6,0.0,11.7,44,1016.0
2025-02-23,27.6,19.4,0.0,12.6,75,1015.5
2025-02-24,28.8,19.6,0.0,12.1,80,1015.3
2025-02-25,29.1,20.2,0.0,8.0,66,1015.5
2025-02-26,29.8,20.1,0.0,10.4,70,1015.5
2025-02-27,27.0,20.7,0.0,12.9,80,1013.2
2025-02-28,27.2,22.0,0.0,20.0,74,1010.9
2025-03-01,27.9,21.2,0.0,16.8,71,1011.7
2025-03-02,27.6,18.1,0.0,15.0,69,1011.9
2025-03-03,28.7,21.3,0.0,17.8,72,1012.1
2025-03-04,29.4,19.1,0.0,12.2,31,1016.2
2025-03-05,30.1,16.8,0.0,11.8,23,1017.3
2025-03-06,32.3,19.7,0.0,13.9,57,1013.9
2025-03-07,33.1,19.6,0.0,11.9,55,1011.0
2025-03-08,36.6,22.2,0.0,16.5,42,1008.0
2025-03-09,36.5,22.6,0.0,13.7,42,1008.9
2025-03-10,36.3,22.2,0.0,12.0,43,1011.3
2025-03-11,34.5,21.5,0.0,11.8,48,1012.0
2025-03-12,32.8,21.9,0.0,14.3,62,1010.0
2025-03-13,33.1,24.3,0.0,15.2,63,1007.9
2025-03-14,31.7,25.2,0.0,17.0,61,1007.8
2025-03-15,33.0,22.2,0.0,15.4,49,1009.8
2025-03-16,32.5,22.7,0.0,16.9,43,1011.8
2025-03-17,31.8,20.6,0.0,14.1,44,1012.4
2025-03-18,30.8,20.4,0.0,14.2,62,1011.4
2025-03-19,31.0,22.4,0.0,14.6,65,1011.7
2025-03-20,32.0,22.7,0.0,18.9,70,1013.2
2025-03-21,33.4,22.0,0.0,17.8,64,1014.4
2025-03-22,31.7,23.0,0.0,15.1,64,1012.5
2025-03-23,34.0,23.3,0.0,15.0,53,1012.4
2025-03-24,33.7,23.1,0.0,15.9,46,1012.2
2025-03-25,29.7,22.3,0.0,16.1,72,1009.2
2025-03-26,29.5,23.8,0.0,17.2,70,1006.6
2025-03-27,33.9,22.8,0.0,16.7,42,1009.1
2025-03-28,32.1,20.9,0.0,15.1,24,1011.4
2025-03-29,33.4,22.4,0.0,13.7,22,1010.7
2025-03-30,33.8,21.2,0.0,15.4,40,1010.5
2025-03-31,32.0,20.5,0.0,13.6,65,1010.0
2025-04-01,34.6,21.6,0.0,13.7,62,1008.3
2025-04-02,33.7,21.7,0.0,12.1,60,1007.8
2025-04-03,32.8,22.8,0.0,14.5,66,1009.2
2025-04-04,34.0,22.9,0.0,13.9,61,1010.8
2025-04-05,33.9,24.0,0.0,15.3,61,1010.1
2025-04-06,36.6,25.8,0.0,19.7,42,1008.1
2025-04-07,33.3,26.6,0.0,17.9,54,1007.8
2025-04-08,31.6,25.1,0.0,14.3,71,1009.1
2025-04-09,31.5,24.6,0.0,15.2,77,1008.7
2025-04-10,31.7,24.7,0.0,15.4,77,1005.1
2025-04-11,32.4,25.3,0.0,16.1,77,1002.2
2025-04-12,35.3,25.5,0.0,14.5,66,1004.7
2025-04-13,33.0,25.8,0.0,17.9,73,1008.2
2025-04-14,32.0,25.8,0.0,20.9,76,1007.9
2025-04-15,32.7,25.9,0.0,18.1,77,1006.6
2025-04-16,33.2,26.0,0.0,19.1,72,1005.8
2025-04-17,33.6,26.4,0.0,21.7,67,1004.9
2025-04-18,32.2,26.3,0.0,18.5,71,1004.7
2025-04-19,34.7,26.3,0.0,16.7,60,1003.6
2025-04-20,38.8,25.5,0.0,16.9,40,1005.4
2025-04-21,38.2,25.2,0.0,18.1,45,1008.3
2025-04-22,35.7,25.0,0.0,14.0,59,1009.9
2025-04-23,35.2,24.3,0.0,15.4,66,1007.5
2025-04-24,33.8,25.6,0.0,18.3,69,1005.1
2025-04-25,33.1,25.5,0.0,15.4,76,1005.1
2025-04-26,37.4,27.0,0.0,18.0,56,1004.3
2025-04-27,35.0,26.6,0.0,17.3,63,1005.4
2025-04-28,35.7,27.0,0.0,18.4,60,1003.8
2025-04-29,35.3,29.1,0.0,20.3,52,1003.0
2025-04-30,35.5,28.3,0.0,20.2,57,1004.6
2025-05-01,33.6,27.7,0.0,20.5,65,1005.4
2025-05-02,33.2,27.7,0.0,19.8,71,1005.1
2025-05-03,34.4,27.2,0.0,18.2,71,1003.4
2025-05-04,33.5,27.3,0.0,18.0,71,1001.8
2025-05-05,33.0,26.4,0.0,13.4,69,1001.9
2025-05-06,32.8,27.2,0.0,13.0,75,1003.6
2025-05-07,33.5,27.3,0.0,14.9,76,1002.7
2025-05-08,32.2,27.2,0.0,12.1,76,1003.6
2025-05-09,32.4,27.3,0.0,13.6,72,1005.8
2025-05-10,34.0,27.0,0.0,17.2,70,1006.3
2025-05-11,32.5,27.3,0.0,18.0,76,1005.2
2025-05-12,32.1,27.4,0.1,18.5,76,1003.7
2025-05-13,32.7,26.8,0.0,17.3,77,1003.7
2025-05-14,34.5,27.3,0.0,15.5,76,1003.5
2025-05-15,33.7,27.6,0.0,16.2,76,1003.4
2025-05-16,32.8,27.8,0.0,14.9,79,1002.9
2025-05-17,32.5,28.1,0.0,16.2,75,1002.7
2025-05-18,32.8,28.1,0.0,15.4,73,1003.1
2025-05-19,32.7,27.9,0.0,16.7,73,1002.8
2025-05-20,33.3,28.2,0.0,17.2,71,1002.2
2025-05-21,32.9,28.1,0.0,16.3,73,1002.0
2025-05-22,32.5,27.9,0.2,17.3,75,1001.0
2025-05-23,33.8,27.7,0.0,17.1,74,998.7
2025-05-24,33.2,28.5,0.0,18.3,73,998.4
2025-05-25,33.9,28.8,0.0,17.7,75,999.7
2025-05-26,35.5,28.8,0.0,17.2,74,1000.5
2025-05-27,34.0,28.6,0.0,19.1,75,998.7
2025-05-28,34.5,28.5,0.0,17.7,79,997.5
2025-05-29,36.8,28.2,0.0,21.6,66,995.6
2025-05-30,38.3,29.8,0.0,24.7,59,994.8
2025-05-31,36.3,28.6,0.0,21.2,73,997.2
2025-06-01,37.7,28.7,0.0,19.8,65,997.3
2025-06-02,33.8,28.6,0.0,18.5,75,996.6
2025-06-03,32.2,28.0,0.0,18.4,79,998.4
2025-06-04,32.6,28.0,0.1,18.9,74,1001.1
2025-06-05,32.7,28.3,0.0,15.4,70,1005.1
2025-06-06,33.2,28.4,0.0,17.9,68,1007.1
2025-06-07,32.6,27.9,0.0,20.6,71,1006.5
2025-06-08,32.5,28.1,0.0,20.1,71,1005.9
2025-06-09,32.4,28.1,0.0,20.8,70,1005.0
2025-06-10,33.1,28.4,0.0,21.7,68,1002.9
2025-06-11,32.9,28.5,0.0,20.9,71,1001.9
2025-06-12,33.0,28.5,0.0,20.0,77,1000.4
2025-06-13,35.4,28.2,0.0,19.1,80,998.7
2025-06-14,32.8,28.4,0.0,15.0,82,996.9
2025-06-15,33.4,27.8,0.0,13.0,80,995.7
2025-06-16,38.0,28.9,2.4,15.8,74,995.5
2025-06-17,36.1,29.1,0.0,16.4,75,996.4
2025-06-18,33.5,28.3,0.2,22.0,77,997.6
2025-06-19,32.4,28.8,0.4,26.8,76,996.3
2025-06-20,31.5,28.7,3.4,23.6,82,997.1
2025-06-21,31.8,28.7,4.0,22.3,83,998.5
2025-06-22,32.1,28.7,1.1,19.2,81,997.3
2025-06-23,32.5,28.5,0.7,18.1,80,995.9
2025-06-24,32.8,28.3,0.4,17.2,79,994.7
2025-06-25,32.2,28.4,0.0,13.9,79,995.3
2025-06-26,34.2,28.6,0.0,12.6,77,996.9
2025-06-27,35.9,27.0,17.1,12.5,82,996.8
2025-06-28,29.6,26.7,36.2,16.5,89,996.4
2025-06-29,30.3,27.2,1.5,17.1,84,995.8
2025-06-30,31.6,28.3,1.1,22.1,82,996.2
2025-07-01,32.0,28.2,0.8,18.3,82,997.3
2025-07-02,31.6,27.9,1.2,16.8,81,997.2
2025-07-03,32.5,28.1,0.4,13.5,80,997.2
2025-07-04,33.1,28.7,0.2,15.1,78,997.9
2025-07-05,33.8,28.7,0.5,16.6,76,997.3
2025-07-06,32.4,28.7,0.8,17.8,76,996.3
2025-07-07,33.1,28.6,0.0,13.5,76,996.4
2025-07-08,33.7,28.6,0.2,17.0,74,997.8
2025-07-09,32.7,28.3,0.6,14.7,78,998.0
2025-07-10,32.3,28.4,0.5,13.5,77,998.8
2025-07-11,32.8,28.3,0.2,16.0,76,1000.2
2025-07-12,32.1,28.4,0.1,16.1,74,1001.5
2025-07-13,32.2,28.2,0.6,17.7,75,1001.0
2025-07-14,32.3,28.0,0.7,18.2,78,999.0
2025-07-15,32.2,27.8,0.0,15.8,74,998.8
2025-07-16,32.1,27.7,0.1,16.6,73,999.3
2025-07-17,31.7,28.1,1.1,16.5,76,1000.4
2025-07-18,33.2,28.1,0.0,14.7,69,1001.0
2025-07-19,33.0,28.2,0.5,18.3,73,997.9
2025-07-20,32.1,28.0,0.0,15.4,76,996.6
2025-07-21,32.3,27.6,1.8,16.3,76,998.3
2025-07-22,32.6,28.4,0.4,17.8,75,999.2
2025-07-23,30.8,28.2,1.8,21.5,78,996.5
2025-07-24,32.1,27.7,1.8,16.6,77,995.3
2025-07-25,32.1,27.6,0.6,16.0,77,995.9
2025-07-26,32.0,27.6,1.0,18.9,76,996.7
2025-07-27,31.5,27.8,0.6,19.4,75,997.1
2025-07-28,31.4,27.9,0.2,21.1,75,997.6
2025-07-29,31.4,27.8,0.3,24.2,76,997.8
2025-07-30,31.1,27.4,1.5,21.1,79,996.7
2025-07-31,31.0,26.9,1.2,15.1,80,998.0
2025-08-01,30.6,26.6,2.1,19.3,80,1000.2
2025-08-02,29.9,26.5,2.1,19.6,81,1001.0
2025-08-03,30.2,26.5,1.3,17.8,80,1001.8
2025-08-04,30.7,26.3,1.5,19.5,79,1003.2
2025-08-05,30.1,26.3,2.0,20.9,80,1002.6
2025-08-06,30.1,26.2,1.9,19.6,80,1003.0
2025-08-07,30.2,26.1,2.2,19.0,80,1003.4
2025-08-08,30.7,26.2,0.9,19.3,77,1003.8
2025-08-09,30.6,26.5,1.9,18.6,78,1005.3
2025-08-10,30.1,26.3,1.7,18.7,79,1004.4
2025-08-11,29.3,26.2,1.6,21.4,80,1003.7
2025-08-12,29.5,26.7,1.8,22.0,77,1001.6
2025-08-13,29.8,26.4,1.2,17.6,81,999.6
2025-08-14,30.6,26.7,0.1,13.7,82,1000.4
2025-08-15,32.7,27.2,0.3,13.4,77,1000.7
2025-08-16,32.9,27.1,0.0,14.6,78,999.4
2025-08-17,33.1,27.5,0.0,13.1,76,998.8
2025-08-18,35.4,27.8,7.4,12.7,78,999.7
2025-08-19,32.2,26.8,22.3,10.6,86,999.9
2025-08-20,33.0,26.3,26.8,12.2,87,998.4
2025-08-21,31.6,26.3,40.2,11.3,90,1000.5
2025-08-22,29.8,26.7,1.4,16.8,88,1000.7
2025-08-23,29.9,26.9,1.6,21.1,85,999.4
2025-08-24,30.1,26.9,2.1,22.6,87,1000.1
2025-08-25,29.9,26.5,0.7,15.4,87,1000.9
2025-08-26,30.0,26.3,0.1,13.2,85,1001.9
2025-08-27,30.3,26.2,0.1,13.0,85,1002.1
2025-08-28,30.9,26.0,0.1,14.7,84,1001.7
2025-08-29,29.8,25.9,0.1,15.0,85,1001.2
2025-08-30,30.9,26.1,0.0,13.6,83,1002.9
2025-08-31,30.8,26.4,0.0,18.3,80,1002.4
2025-09-01,30.7,26.4,0.8,19.5,78,999.9
2025-09-02,30.4,26.1,0.5,15.5,77,1000.5
2025-09-03,31.5,25.9,0.0,15.2,73,1002.5
2025-09-04,31.4,25.6,0.0,14.8,77,1003.7
2025-09-05,32.9,25.8,0.0,16.9,78,1003.6
2025-09-06,32.3,26.3,0.0,17.9,79,1003.2
2025-09-07,31.9,26.4,0.0,19.6,78,1001.9
2025-09-08,29.2,26.1,6.6,18.9,85,1001.0
2025-09-09,27.9,25.5,64.4,21.0,92,1002.6
2025-09-10,28.2,25.4,23.1,19.0,88,1005.6
2025-09-11,27.7,25.4,3.8,13.4,88,1006.0
2025-09-12,28.8,25.5,1.5,14.4,84,1006.8
2025-09-13,29.3,25.8,0.0,13.9,81,1007.4
2025-09-14,29.6,26.0,0.3,17.1,81,1007.1
2025-09-15,28.8,26.2,0.5,21.8,82,1005.3
2025-09-16,29.1,26.5,0.9,19.0,83,1003.8
2025-09-17,29.7,26.2,0.6,13.6,84,1004.7
2025-09-18,29.8,25.7,0.4,13.6,86,1005.0
2025-09-19,29.3,25.6,0.3,14.8,83,1006.2
2025-09-20,29.6,25.5,0.6,15.4,81,1006.5
2025-09-21,30.2,25.3,0.0,16.6,76,1006.2
2025-09-22,30.1,25.6,0.2,16.5,75,1006.6
2025-09-23,29.3,26.2,0.8,19.7,78,1006.3
2025-09-24,28.9,26.1,2.0,17.7,80,1004.3
2025-09-25,29.8,25.5,0.5,13.5,82,1004.3
2025-09-26,31.9,25.0,0.0,13.3,77,1006.2
2025-09-27,33.9,24.8,0.0,13.2,78,1007.6
2025-09-28,33.9,25.6,0.0,15.7,81,1005.2
2025-09-29,40.2,25.9,0.0,16.5,58,1000.7
2025-09-30,35.6,28.3,5.2,12.2,70,999.5
2025-10-01,33.5,26.7,0.3,13.7,70,1000.3
2025-10-02,34.1,27.2,0.3,16.1,66,1003.1
2025-10-03,31.5,26.8,2.2,18.7,74,1006.5
2025-10-04,31.4,25.5,6.7,15.1,81,1007.8
2025-10-05,31.4,26.5,2.0,18.1,78,1006.9
2025-10-06,31.8,27.2,0.0,21.9,68,1006.9
2025-10-07,32.6,26.3,0.1,17.8,62,1008.7
2025-10-08,32.1,23.8,0.2,13.4,68,1010.7
2025-10-09,32.4,23.7,0.0,13.5,66,1012.4
2025-10-10,31.7,24.1,0.2,12.5,65,1011.4
2025-10-11,31.5,23.7,0.5,10.9,65,1011.5
2025-10-12,33.1,23.6,0.0,11.0,58,1011.6
2025-10-13,32.5,23.2,0.0,13.0,62,1011.8
2025-10-14,33.5,23.5,0.0,13.6,62,1010.3
2025-10-15,34.3,23.6,0.0,15.7,54,1009.4
2025-10-16,34.8,24.2,0.0,13.1,42,1009.8
2025-10-17,35.2,23.9,0.0,14.1,39,1011.1
2025-10-18,35.2,23.3,0.0,14.8,55,1010.5
2025-10-19,35.3,24.1,0.0,13.5,51,1009.1
2025-10-20,36.1,24.4,0.0,14.8,43,1008.7
2025-10-21,36.0,23.8,0.0,11.2,39,1010.5
2025-10-22,36.5,26.1,0.0,13.1,29,1011.8
2025-10-23,36.1,24.4,0.0,12.7,33,1010.6
2025-10-24,36.1,24.2,0.0,11.4,32,1009.8
2025-10-25,36.3,24.8,0.0,11.0,27,1008.5
2025-10-26,35.7,24.8,0.0,17.3,24,1008.3
2025-10-27,35.2,26.3,0.0,21.7,24,1008.2
2025-10-28,33.6,25.5,0.0,22.8,33,1009.0
2025-10-29,32.9,24.9,0.0,22.5,36,1008.9
2025-10-30,33.4,25.1,0.0,20.3,36,1008.5
2025-10-31,33.9,25.3,0.0,12.5,35,1009.5
2025-11-01,33.0,23.3,0.0,10.6,39,1009.9
2025-11-02,33.9,22.5,0.0,11.5,51,1010.3
2025-11-03,30.4,21.5,0.0,13.8,78,1009.2
2025-11-04,34.9,21.6,0.0,16.5,45,1008.7
2025-11-05,34.2,21.7,0.0,16.0,24,1010.5
2025-11-06,31.6,20.3,0.0,12.1,39,1012.5
2025-11-07,31.7,19.1,0.0,12.1,51,1014.2
2025-11-08,28.6,18.4,0.0,12.8,67,1015.1
2025-11-09,27.8,19.3,0.0,10.3,69,1013.7
2025-11-10,27.5,18.7,0.0,12.0,66,1012.7
2025-11-11,27.4,19.3,0.0,10.9,69,1014.0
2025-11-12,28.6,19.3,0.0,12.4,70,1015.6
2025-11-13,29.1,19.3,0.0,11.2,67,1016.5
2025-11-14,29.8,18.9,0.0,13.6,60,1015.8
2025-11-15,30.0,19.0,0.0,13.7,48,1016.4
2025-11-16,30.6,19.1,0.0,9.4,38,1018.3
2025-11-17,29.3,18.1,0.0,10.0,40,1017.6
2025-11-18,29.2,17.6,0.0,12.9,58,1015.7
2025-11-19,28.1,18.3,0.0,9.8,63,1014.9
2025-11-20,28.5,17.8,0.0,10.3,67,1015.8
2025-11-21,29.4,18.6,0.0,9.3,55,1016.8
2025-11-22,28.7,19.0,0.0,11.4,51,1016.0
2025-11-23,27.8,18.3,0.0,9.7,53,1015.3
2025-11-24,28.6,17.8,0.0,10.3,44,1016.1
2025-11-25,28.6,17.2,0.0,12.2,32,1016.4
2025-11-26,28.3,19.1,0.0,11.6,31,1015.4
2025-11-27,28.0,18.3,0.0,15.9,28,1016.9
2025-11-28,27.5,18.0,0.0,13.4,29,1016.9
2025-11-29,27.6,17.4,0.0,12.0,32,1015.6
2025-11-30,28.1,16.0,0.0,11.2,36,1014.7
2025-12-01,27.2,16.0,0.0,10.6,48,1013.8
2025-12-02,26.1,15.2,0.0,8.6,43,1014.0
2025-12-03,27.5,15.9,0.0,12.3,27,1016.6
2025-12-04,27.9,17.5,0.0,11.9,27,1017.8
2025-12-05,28.3,15.2,0.0,9.8,33,1018.3
2025-12-06,28.1,17.9,0.0,11.9,28,1018.3
2025-12-07,28.6,17.1,0.0,9.8,28,1017.9
2025-12-08,29.8,16.4,0.0,10.1,29,1018.3
2025-12-09,29.6,17.1,0.0,10.4,32,1017.7
2025-12-10,28.3,14.3,0.0,9.8,43,1017.5
2025-12-11,26.2,15.0,0.0,10.2,75,1016.3
2025-12-12,25.4,15.2,0.0,11.1,80,1015.0
2025-12-13,26.6,16.6,0.0,10.1,73,1014.5
2025-12-14,26.6,16.2,0.0,9.9,63,1016.0
2025-12-15,27.5,16.5,0.0,11.1,45,1016.9
2025-12-16,28.1,17.5,0.0,14.1,43,1015.9
2025-12-17,28.0,17.1,0.0,12.8,40,1016.6
2025-12-18,27.6,16.2,0.0,9.7,45,1017.2
2025-12-19,28.6,17.7,0.0,7.7,43,1015.2
2025-12-20,27.6,19.0,0.0,8.5,48,1013.0
2025-12-21,26.7,18.9,0.0,10.8,72,1014.0
2025-12-22,26.8,17.9,0.0,9.7,50,1015.4
2025-12-23,26.9,17.7,0.0,11.7,48,1016.3
2025-12-24,26.4,16.4,0.0,10.5,47,1015.9
2025-12-25,24.2,14.8,0.0,8.9,57,1015.1
2025-12-26,24.6,14.9,0.0,8.7,67,1014.9
2025-12-27,25.6,15.1,0.0,10.5,49,1015.3
2025-12-28,25.7,15.6,0.0,8.6,42,1015.4
2025-12-29,25.5,15.1,0.0,8.5,48,1014.9
2025-12-30,24.4,16.2,0.3,12.1,68,1012.8
2025-12-31,24.2,18.5,1.1,19.7,64,1009.8
